,team,opponent,wins,losses,avg_rushing_yards,avg_passing_yards,avg_rush_def_yards,avg_pass_def_yards,opponent_avg_rushing_yards,opponent_avg_passing_yards,opponent_avg_rush_def_yards,opponent_avg_pass_def_yards
0,overall,Cowboys,129,108,,,,,7.215,16.457,6.78,16.594
1,overall,Panthers,84,139,,,,,6.598,16.896,6.829,15.842
2,overall,Bills,151,90,,,,,6.526,16.119,6.915,16.03
3,overall,Dolphins,116,120,,,,,6.552,15.948,6.767,17.25
4,overall,Ravens,153,78,,,,,6.848,15.508,6.167,16.426
5,overall,Patriots,127,101,,,,,6.521,16.921,6.584,16.406
6,overall,Bears,101,124,,,,,6.456,15.743,6.689,16.482
7,overall,Browns,107,124,,,,,7.219,16.854,6.797,16.493
8,overall,Packers,139,105,,,,,6.951,17.113,6.836,17.409
9,overall,Giants,78,143,,,,,6.452,15.906,6.589,16.765
10,overall,Bengals,98,129,,,,,6.31,16.733,6.914,16.419
11,overall,Chiefs,180,69,,,,,6.684,17.701,6.98,16.736
12,overall,Jets,84,140,,,,,6.497,16.567,6.126,16.663
13,overall,Rams,132,104,,,,,6.571,17.061,6.548,16.586
14,overall,Cardinals,78,131,,,,,6.219,16.207,6.722,16.618
15,overall,Colts,109,113,,,,,6.516,16.371,6.454,16.614
16,overall,Chargers,98,114,,,,,6.277,17.108,7.115,16.667
17,overall,Eagles,128,103,,,,,6.725,16.717,6.608,16.666
18,overall,Jaguars,89,140,,,,,6.486,16.136,6.545,16.65
19,overall,Seahawks,127,102,,,,,6.986,17.195,6.272,16.078
20,overall,Titans,121,110,,,,,7.133,16.717,6.318,16.482
21,overall,Lions,91,125,,,,,6.339,16.998,6.771,16.879
22,overall,Commanders,82,132,,,,,6.593,16.551,6.74,16.872
23,overall,Texans,102,125,,,,,6.192,16.017,6.933,16.979
24,overall,Raiders,104,125,,,,,6.837,16.443,6.597,17.181
25,overall,49ers,132,105,,,,,6.718,18.058,6.253,16.078
26,overall,Steelers,140,86,,,,,6.415,16.214,6.535,16.52
27,overall,Falcons,85,135,,,,,6.511,16.275,6.806,16.462
28,overall,Buccaneers,118,111,,,,,6.327,16.488,6.39,15.924
29,overall,Saints,137,86,,,,,6.74,16.41,6.557,16.957
30,overall,Broncos,98,129,,,,,6.592,16.505,6.269,16.229
31,overall,Vikings,127,99,,,,,6.801,16.148,6.571,16.397
32,overall,NaN,0,0,,,,,,,,
33,overall,AFC Pro Bowl,0,0,,,,,,,,
34,overall,NFC Pro Bowl,0,0,,,,,,,,
35,Panthers,Cowboys,3,2,6.598,16.896,6.829,15.842,7.215,16.457,6.78,16.594
36,Panthers,Bills,3,6,6.598,16.896,6.829,15.842,6.526,16.119,6.915,16.03
37,Panthers,Dolphins,4,4,6.598,16.896,6.829,15.842,6.552,15.948,6.767,17.25
38,Panthers,Ravens,3,2,6.598,16.896,6.829,15.842,6.848,15.508,6.167,16.426
39,Panthers,Patriots,7,3,6.598,16.896,6.829,15.842,6.521,16.921,6.584,16.406
40,Panthers,Bears,5,1,6.598,16.896,6.829,15.842,6.456,15.743,6.689,16.482
41,Panthers,Browns,3,0,6.598,16.896,6.829,15.842,7.219,16.854,6.797,16.493
42,Panthers,Packers,5,2,6.598,16.896,6.829,15.842,6.951,17.113,6.836,17.409
43,Panthers,Giants,6,2,6.598,16.896,6.829,15.842,6.452,15.906,6.589,16.765
44,Panthers,Bengals,3,2,6.598,16.896,6.829,15.842,6.31,16.733,6.914,16.419
45,Panthers,Chiefs,2,0,6.598,16.896,6.829,15.842,6.684,17.701,6.98,16.736
46,Panthers,Jets,2,3,6.598,16.896,6.829,15.842,6.497,16.567,6.126,16.663
47,Panthers,Rams,3,0,6.598,16.896,6.829,15.842,6.571,17.061,6.548,16.586
48,Panthers,Cardinals,1,4,6.598,16.896,6.829,15.842,6.219,16.207,6.722,16.618
49,Panthers,Colts,5,0,6.598,16.896,6.829,15.842,6.516,16.371,6.454,16.614
50,Panthers,Chargers,1,1,6.598,16.896,6.829,15.842,6.277,17.108,7.115,16.667
51,Panthers,Eagles,2,1,6.598,16.896,6.829,15.842,6.725,16.717,6.608,16.666
52,Panthers,Jaguars,2,3,6.598,16.896,6.829,15.842,6.486,16.136,6.545,16.65
53,Panthers,Seahawks,4,1,6.598,16.896,6.829,15.842,6.986,17.195,6.272,16.078
54,Panthers,Titans,4,2,6.598,16.896,6.829,15.842,7.133,16.717,6.318,16.482
55,Panthers,Lions,5,5,6.598,16.896,6.829,15.842,6.339,16.998,6.771,16.879
56,Panthers,Commanders,4,2,6.598,16.896,6.829,15.842,6.593,16.551,6.74,16.872
57,Panthers,Texans,0,6,6.598,16.896,6.829,15.842,6.192,16.017,6.933,16.979
58,Panthers,Raiders,1,1,6.598,16.896,6.829,15.842,6.837,16.443,6.597,17.181
59,Panthers,49ers,3,1,6.598,16.896,6.829,15.842,6.718,18.058,6.253,16.078
60,Panthers,Steelers,6,4,6.598,16.896,6.829,15.842,6.415,16.214,6.535,16.52
61,Panthers,Falcons,14,8,6.598,16.896,6.829,15.842,6.511,16.275,6.806,16.462
62,Panthers,Buccaneers,14,8,6.598,16.896,6.829,15.842,6.327,16.488,6.39,15.924
63,Panthers,Saints,19,6,6.598,16.896,6.829,15.842,6.74,16.41,6.557,16.957
64,Panthers,Broncos,1,2,6.598,16.896,6.829,15.842,6.592,16.505,6.269,16.229
65,Panthers,Vikings,4,2,6.598,16.896,6.829,15.842,6.801,16.148,6.571,16.397
66,Panthers,NaN,0,0,6.598,16.896,6.829,15.842,,,,
67,Panthers,AFC Pro Bowl,0,0,6.598,16.896,6.829,15.842,,,,
68,Panthers,NFC Pro Bowl,0,0,6.598,16.896,6.829,15.842,,,,
69,Bills,Cowboys,0,3,6.526,16.119,6.915,16.03,7.215,16.457,6.78,16.594
70,Bills,Panthers,6,3,6.526,16.119,6.915,16.03,6.598,16.896,6.829,15.842
71,Bills,Dolphins,4,22,6.526,16.119,6.915,16.03,6.552,15.948,6.767,17.25
72,Bills,Ravens,7,3,6.526,16.119,6.915,16.03,6.848,15.508,6.167,16.426
73,Bills,Patriots,12,11,6.526,16.119,6.915,16.03,6.521,16.921,6.584,16.406
74,Bills,Bears,2,4,6.526,16.119,6.915,16.03,6.456,15.743,6.689,16.482
75,Bills,Browns,2,3,6.526,16.119,6.915,16.03,7.219,16.854,6.797,16.493
76,Bills,Packers,2,4,6.526,16.119,6.915,16.03,6.951,17.113,6.836,17.409
77,Bills,Giants,0,3,6.526,16.119,6.915,16.03,6.452,15.906,6.589,16.765
78,Bills,Bengals,6,2,6.526,16.119,6.915,16.03,6.31,16.733,6.914,16.419
79,Bills,Chiefs,6,4,6.526,16.119,6.915,16.03,6.684,17.701,6.98,16.736
80,Bills,Jets,8,14,6.526,16.119,6.915,16.03,6.497,16.567,6.126,16.663
81,Bills,Rams,0,3,6.526,16.119,6.915,16.03,6.571,17.061,6.548,16.586
82,Bills,Cardinals,2,2,6.526,16.119,6.915,16.03,6.219,16.207,6.722,16.618
83,Bills,Colts,3,10,6.526,16.119,6.915,16.03,6.516,16.371,6.454,16.614
84,Bills,Chargers,3,3,6.526,16.119,6.915,16.03,6.277,17.108,7.115,16.667
85,Bills,Eagles,5,0,6.526,16.119,6.915,16.03,6.725,16.717,6.608,16.666
86,Bills,Jaguars,5,4,6.526,16.119,6.915,16.03,6.486,16.136,6.545,16.65
87,Bills,Seahawks,0,2,6.526,16.119,6.915,16.03,6.986,17.195,6.272,16.078
88,Bills,Titans,4,5,6.526,16.119,6.915,16.03,7.133,16.717,6.318,16.482
89,Bills,Lions,0,7,6.526,16.119,6.915,16.03,6.339,16.998,6.771,16.879
90,Bills,Commanders,0,5,6.526,16.119,6.915,16.03,6.593,16.551,6.74,16.872
91,Bills,Texans,4,2,6.526,16.119,6.915,16.03,6.192,16.017,6.933,16.979
92,Bills,Raiders,0,5,6.526,16.119,6.915,16.03,6.837,16.443,6.597,17.181
93,Bills,49ers,0,1,6.526,16.119,6.915,16.03,6.718,18.058,6.253,16.078
94,Bills,Steelers,3,8,6.526,16.119,6.915,16.03,6.415,16.214,6.535,16.52
95,Bills,Falcons,0,3,6.526,16.119,6.915,16.03,6.511,16.275,6.806,16.462
96,Bills,Buccaneers,2,4,6.526,16.119,6.915,16.03,6.327,16.488,6.39,15.924
97,Bills,Saints,1,1,6.526,16.119,6.915,16.03,6.74,16.41,6.557,16.957
98,Bills,Broncos,1,7,6.526,16.119,6.915,16.03,6.592,16.505,6.269,16.229
99,Bills,Vikings,2,3,6.526,16.119,6.915,16.03,6.801,16.148,6.571,16.397
100,Bills,NaN,0,0,6.526,16.119,6.915,16.03,,,,
101,Bills,AFC Pro Bowl,0,0,6.526,16.119,6.915,16.03,,,,
102,Bills,NFC Pro Bowl,0,0,6.526,16.119,6.915,16.03,,,,
103,Dolphins,Cowboys,2,2,6.552,15.948,6.767,17.25,7.215,16.457,6.78,16.594
104,Dolphins,Panthers,4,4,6.552,15.948,6.767,17.25,6.598,16.896,6.829,15.842
105,Dolphins,Bills,22,4,6.552,15.948,6.767,17.25,6.526,16.119,6.915,16.03
106,Dolphins,Ravens,7,3,6.552,15.948,6.767,17.25,6.848,15.508,6.167,16.426
107,Dolphins,Patriots,9,15,6.552,15.948,6.767,17.25,6.521,16.921,6.584,16.406
108,Dolphins,Bears,2,3,6.552,15.948,6.767,17.25,6.456,15.743,6.689,16.482
109,Dolphins,Browns,2,2,6.552,15.948,6.767,17.25,7.219,16.854,6.797,16.493
110,Dolphins,Packers,3,0,6.552,15.948,6.767,17.25,6.951,17.113,6.836,17.409
111,Dolphins,Giants,2,4,6.552,15.948,6.767,17.25,6.452,15.906,6.589,16.765
112,Dolphins,Bengals,4,5,6.552,15.948,6.767,17.25,6.31,16.733,6.914,16.419
113,Dolphins,Chiefs,7,0,6.552,15.948,6.767,17.25,6.684,17.701,6.98,16.736
114,Dolphins,Jets,6,18,6.552,15.948,6.767,17.25,6.497,16.567,6.126,16.663
115,Dolphins,Rams,0,2,6.552,15.948,6.767,17.25,6.571,17.061,6.548,16.586
116,Dolphins,Cardinals,0,1,6.552,15.948,6.767,17.25,6.219,16.207,6.722,16.618
117,Dolphins,Colts,3,1,6.552,15.948,6.767,17.25,6.516,16.371,6.454,16.614
118,Dolphins,Chargers,3,4,6.552,15.948,6.767,17.25,6.277,17.108,7.115,16.667
119,Dolphins,Eagles,4,4,6.552,15.948,6.767,17.25,6.725,16.717,6.608,16.666
120,Dolphins,Jaguars,5,5,6.552,15.948,6.767,17.25,6.486,16.136,6.545,16.65
121,Dolphins,Seahawks,3,0,6.552,15.948,6.767,17.25,6.986,17.195,6.272,16.078
122,Dolphins,Titans,4,4,6.552,15.948,6.767,17.25,7.133,16.717,6.318,16.482
123,Dolphins,Lions,1,1,6.552,15.948,6.767,17.25,6.339,16.998,6.771,16.879
124,Dolphins,Commanders,1,3,6.552,15.948,6.767,17.25,6.593,16.551,6.74,16.872
125,Dolphins,Texans,2,5,6.552,15.948,6.767,17.25,6.192,16.017,6.933,16.979
126,Dolphins,Raiders,4,5,6.552,15.948,6.767,17.25,6.837,16.443,6.597,17.181
127,Dolphins,49ers,2,1,6.552,15.948,6.767,17.25,6.718,18.058,6.253,16.078
128,Dolphins,Steelers,2,2,6.552,15.948,6.767,17.25,6.415,16.214,6.535,16.52
129,Dolphins,Falcons,2,10,6.552,15.948,6.767,17.25,6.511,16.275,6.806,16.462
130,Dolphins,Buccaneers,8,1,6.552,15.948,6.767,17.25,6.327,16.488,6.39,15.924
131,Dolphins,Saints,1,2,6.552,15.948,6.767,17.25,6.74,16.41,6.557,16.957
132,Dolphins,Broncos,2,4,6.552,15.948,6.767,17.25,6.592,16.505,6.269,16.229
133,Dolphins,Vikings,3,1,6.552,15.948,6.767,17.25,6.801,16.148,6.571,16.397
134,Dolphins,NaN,0,0,6.552,15.948,6.767,17.25,,,,
135,Dolphins,AFC Pro Bowl,0,0,6.552,15.948,6.767,17.25,,,,
136,Dolphins,NFC Pro Bowl,0,0,6.552,15.948,6.767,17.25,,,,
137,Ravens,Cowboys,0,3,6.848,15.508,6.167,16.426,7.215,16.457,6.78,16.594
138,Ravens,Panthers,2,3,6.848,15.508,6.167,16.426,6.598,16.896,6.829,15.842
139,Ravens,Bills,3,7,6.848,15.508,6.167,16.426,6.526,16.119,6.915,16.03
140,Ravens,Dolphins,3,7,6.848,15.508,6.167,16.426,6.552,15.948,6.767,17.25
141,Ravens,Patriots,2,3,6.848,15.508,6.167,16.426,6.521,16.921,6.584,16.406
142,Ravens,Bears,1,3,6.848,15.508,6.167,16.426,6.456,15.743,6.689,16.482
143,Ravens,Browns,8,14,6.848,15.508,6.167,16.426,7.219,16.854,6.797,16.493
144,Ravens,Packers,3,3,6.848,15.508,6.167,16.426,6.951,17.113,6.836,17.409
145,Ravens,Giants,2,2,6.848,15.508,6.167,16.426,6.452,15.906,6.589,16.765
146,Ravens,Bengals,10,14,6.848,15.508,6.167,16.426,6.31,16.733,6.914,16.419
147,Ravens,Chiefs,8,2,6.848,15.508,6.167,16.426,6.684,17.701,6.98,16.736
148,Ravens,Jets,0,3,6.848,15.508,6.167,16.426,6.497,16.567,6.126,16.663
149,Ravens,Rams,1,5,6.848,15.508,6.167,16.426,6.571,17.061,6.548,16.586
150,Ravens,Cardinals,0,4,6.848,15.508,6.167,16.426,6.219,16.207,6.722,16.618
151,Ravens,Colts,1,6,6.848,15.508,6.167,16.426,6.516,16.371,6.454,16.614
152,Ravens,Chargers,1,4,6.848,15.508,6.167,16.426,6.277,17.108,7.115,16.667
153,Ravens,Eagles,1,4,6.848,15.508,6.167,16.426,6.725,16.717,6.608,16.666
154,Ravens,Jaguars,4,5,6.848,15.508,6.167,16.426,6.486,16.136,6.545,16.65
155,Ravens,Seahawks,0,3,6.848,15.508,6.167,16.426,6.986,17.195,6.272,16.078
156,Ravens,Titans,4,5,6.848,15.508,6.167,16.426,7.133,16.717,6.318,16.482
157,Ravens,Lions,0,5,6.848,15.508,6.167,16.426,6.339,16.998,6.771,16.879
158,Ravens,Commanders,2,9,6.848,15.508,6.167,16.426,6.593,16.551,6.74,16.872
159,Ravens,Texans,0,9,6.848,15.508,6.167,16.426,6.192,16.017,6.933,16.979
160,Ravens,Raiders,3,3,6.848,15.508,6.167,16.426,6.837,16.443,6.597,17.181
161,Ravens,49ers,0,3,6.848,15.508,6.167,16.426,6.718,18.058,6.253,16.078
162,Ravens,Steelers,14,5,6.848,15.508,6.167,16.426,6.415,16.214,6.535,16.52
163,Ravens,Falcons,0,5,6.848,15.508,6.167,16.426,6.511,16.275,6.806,16.462
164,Ravens,Buccaneers,2,3,6.848,15.508,6.167,16.426,6.327,16.488,6.39,15.924
165,Ravens,Saints,1,4,6.848,15.508,6.167,16.426,6.74,16.41,6.557,16.957
166,Ravens,Broncos,0,5,6.848,15.508,6.167,16.426,6.592,16.505,6.269,16.229
167,Ravens,Vikings,2,2,6.848,15.508,6.167,16.426,6.801,16.148,6.571,16.397
168,Ravens,NaN,0,0,6.848,15.508,6.167,16.426,,,,
169,Ravens,AFC Pro Bowl,0,0,6.848,15.508,6.167,16.426,,,,
170,Ravens,NFC Pro Bowl,0,0,6.848,15.508,6.167,16.426,,,,
171,Patriots,Cowboys,3,2,6.521,16.921,6.584,16.406,7.215,16.457,6.78,16.594
172,Patriots,Panthers,3,7,6.521,16.921,6.584,16.406,6.598,16.896,6.829,15.842
173,Patriots,Bills,11,12,6.521,16.921,6.584,16.406,6.526,16.119,6.915,16.03
174,Patriots,Dolphins,15,9,6.521,16.921,6.584,16.406,6.552,15.948,6.767,17.25
175,Patriots,Ravens,3,2,6.521,16.921,6.584,16.406,6.848,15.508,6.167,16.426
176,Patriots,Bears,1,1,6.521,16.921,6.584,16.406,6.456,15.743,6.689,16.482
177,Patriots,Browns,0,5,6.521,16.921,6.584,16.406,7.219,16.854,6.797,16.493
178,Patriots,Packers,2,3,6.521,16.921,6.584,16.406,6.951,17.113,6.836,17.409
179,Patriots,Giants,5,4,6.521,16.921,6.584,16.406,6.452,15.906,6.589,16.765
180,Patriots,Bengals,1,2,6.521,16.921,6.584,16.406,6.31,16.733,6.914,16.419
181,Patriots,Chiefs,5,3,6.521,16.921,6.584,16.406,6.684,17.701,6.98,16.736
182,Patriots,Jets,3,19,6.521,16.921,6.584,16.406,6.497,16.567,6.126,16.663
183,Patriots,Rams,2,1,6.521,16.921,6.584,16.406,6.571,17.061,6.548,16.586
184,Patriots,Cardinals,0,3,6.521,16.921,6.584,16.406,6.219,16.207,6.722,16.618
185,Patriots,Colts,3,4,6.521,16.921,6.584,16.406,6.516,16.371,6.454,16.614
186,Patriots,Chargers,1,6,6.521,16.921,6.584,16.406,6.277,17.108,7.115,16.667
187,Patriots,Eagles,3,4,6.521,16.921,6.584,16.406,6.725,16.717,6.608,16.666
188,Patriots,Jaguars,3,4,6.521,16.921,6.584,16.406,6.486,16.136,6.545,16.65
189,Patriots,Seahawks,3,0,6.521,16.921,6.584,16.406,6.986,17.195,6.272,16.078
190,Patriots,Titans,5,5,6.521,16.921,6.584,16.406,7.133,16.717,6.318,16.482
191,Patriots,Lions,2,4,6.521,16.921,6.584,16.406,6.339,16.998,6.771,16.879
192,Patriots,Commanders,3,5,6.521,16.921,6.584,16.406,6.593,16.551,6.74,16.872
193,Patriots,Texans,7,5,6.521,16.921,6.584,16.406,6.192,16.017,6.933,16.979
194,Patriots,Raiders,6,3,6.521,16.921,6.584,16.406,6.837,16.443,6.597,17.181
195,Patriots,49ers,3,0,6.521,16.921,6.584,16.406,6.718,18.058,6.253,16.078
196,Patriots,Steelers,2,5,6.521,16.921,6.584,16.406,6.415,16.214,6.535,16.52
197,Patriots,Falcons,0,3,6.521,16.921,6.584,16.406,6.511,16.275,6.806,16.462
198,Patriots,Buccaneers,1,1,6.521,16.921,6.584,16.406,6.327,16.488,6.39,15.924
199,Patriots,Saints,2,1,6.521,16.921,6.584,16.406,6.74,16.41,6.557,16.957
200,Patriots,Broncos,1,2,6.521,16.921,6.584,16.406,6.592,16.505,6.269,16.229
201,Patriots,Vikings,2,2,6.521,16.921,6.584,16.406,6.801,16.148,6.571,16.397
202,Patriots,NaN,0,0,6.521,16.921,6.584,16.406,,,,
203,Patriots,AFC Pro Bowl,0,0,6.521,16.921,6.584,16.406,,,,
204,Patriots,NFC Pro Bowl,0,0,6.521,16.921,6.584,16.406,,,,
205,Bears,Cowboys,2,2,6.456,15.743,6.689,16.482,7.215,16.457,6.78,16.594
206,Bears,Panthers,1,5,6.456,15.743,6.689,16.482,6.598,16.896,6.829,15.842
207,Bears,Bills,4,2,6.456,15.743,6.689,16.482,6.526,16.119,6.915,16.03
208,Bears,Dolphins,3,2,6.456,15.743,6.689,16.482,6.552,15.948,6.767,17.25
209,Bears,Ravens,3,1,6.456,15.743,6.689,16.482,6.848,15.508,6.167,16.426
210,Bears,Patriots,1,1,6.456,15.743,6.689,16.482,6.521,16.921,6.584,16.406
211,Bears,Browns,5,3,6.456,15.743,6.689,16.482,7.219,16.854,6.797,16.493
212,Bears,Packers,20,2,6.456,15.743,6.689,16.482,6.951,17.113,6.836,17.409
213,Bears,Giants,6,6,6.456,15.743,6.689,16.482,6.452,15.906,6.589,16.765
214,Bears,Bengals,2,5,6.456,15.743,6.689,16.482,6.31,16.733,6.914,16.419
215,Bears,Chiefs,3,5,6.456,15.743,6.689,16.482,6.684,17.701,6.98,16.736
216,Bears,Jets,2,2,6.456,15.743,6.689,16.482,6.497,16.567,6.126,16.663
217,Bears,Rams,6,4,6.456,15.743,6.689,16.482,6.571,17.061,6.548,16.586
218,Bears,Cardinals,1,4,6.456,15.743,6.689,16.482,6.219,16.207,6.722,16.618
219,Bears,Colts,5,1,6.456,15.743,6.689,16.482,6.516,16.371,6.454,16.614
220,Bears,Chargers,3,0,6.456,15.743,6.689,16.482,6.277,17.108,7.115,16.667
221,Bears,Eagles,6,0,6.456,15.743,6.689,16.482,6.725,16.717,6.608,16.666
222,Bears,Jaguars,0,1,6.456,15.743,6.689,16.482,6.486,16.136,6.545,16.65
223,Bears,Seahawks,0,4,6.456,15.743,6.689,16.482,6.986,17.195,6.272,16.078
224,Bears,Titans,3,6,6.456,15.743,6.689,16.482,7.133,16.717,6.318,16.482
225,Bears,Lions,9,12,6.456,15.743,6.689,16.482,6.339,16.998,6.771,16.879
226,Bears,Commanders,1,2,6.456,15.743,6.689,16.482,6.593,16.551,6.74,16.872
227,Bears,Texans,2,6,6.456,15.743,6.689,16.482,6.192,16.017,6.933,16.979
228,Bears,Raiders,2,3,6.456,15.743,6.689,16.482,6.837,16.443,6.597,17.181
229,Bears,49ers,2,3,6.456,15.743,6.689,16.482,6.718,18.058,6.253,16.078
230,Bears,Steelers,2,2,6.456,15.743,6.689,16.482,6.415,16.214,6.535,16.52
231,Bears,Falcons,3,3,6.456,15.743,6.689,16.482,6.511,16.275,6.806,16.462
232,Bears,Buccaneers,6,4,6.456,15.743,6.689,16.482,6.327,16.488,6.39,15.924
233,Bears,Saints,8,0,6.456,15.743,6.689,16.482,6.74,16.41,6.557,16.957
234,Bears,Broncos,2,2,6.456,15.743,6.689,16.482,6.592,16.505,6.269,16.229
235,Bears,Vikings,11,8,6.456,15.743,6.689,16.482,6.801,16.148,6.571,16.397
236,Bears,NaN,0,0,6.456,15.743,6.689,16.482,,,,
237,Bears,AFC Pro Bowl,0,0,6.456,15.743,6.689,16.482,,,,
238,Bears,NFC Pro Bowl,0,0,6.456,15.743,6.689,16.482,,,,
239,Browns,Cowboys,1,1,7.219,16.854,6.797,16.493,7.215,16.457,6.78,16.594
240,Browns,Panthers,0,3,7.219,16.854,6.797,16.493,6.598,16.896,6.829,15.842
241,Browns,Bills,3,2,7.219,16.854,6.797,16.493,6.526,16.119,6.915,16.03
242,Browns,Dolphins,2,2,7.219,16.854,6.797,16.493,6.552,15.948,6.767,17.25
243,Browns,Ravens,14,8,7.219,16.854,6.797,16.493,6.848,15.508,6.167,16.426
244,Browns,Patriots,5,0,7.219,16.854,6.797,16.493,6.521,16.921,6.584,16.406
245,Browns,Bears,3,5,7.219,16.854,6.797,16.493,6.456,15.743,6.689,16.482
246,Browns,Packers,4,0,7.219,16.854,6.797,16.493,6.951,17.113,6.836,17.409
247,Browns,Giants,1,6,7.219,16.854,6.797,16.493,6.452,15.906,6.589,16.765
248,Browns,Bengals,9,15,7.219,16.854,6.797,16.493,6.31,16.733,6.914,16.419
249,Browns,Chiefs,7,0,7.219,16.854,6.797,16.493,6.684,17.701,6.98,16.736
250,Browns,Jets,4,7,7.219,16.854,6.797,16.493,6.497,16.567,6.126,16.663
251,Browns,Rams,3,0,7.219,16.854,6.797,16.493,6.571,17.061,6.548,16.586
252,Browns,Cardinals,3,2,7.219,16.854,6.797,16.493,6.219,16.207,6.722,16.618
253,Browns,Colts,2,4,7.219,16.854,6.797,16.493,6.516,16.371,6.454,16.614
254,Browns,Chargers,6,0,7.219,16.854,6.797,16.493,6.277,17.108,7.115,16.667
255,Browns,Eagles,1,4,7.219,16.854,6.797,16.493,6.725,16.717,6.608,16.666
256,Browns,Jaguars,1,6,7.219,16.854,6.797,16.493,6.486,16.136,6.545,16.65
257,Browns,Seahawks,5,0,7.219,16.854,6.797,16.493,6.986,17.195,6.272,16.078
258,Browns,Titans,2,3,7.219,16.854,6.797,16.493,7.133,16.717,6.318,16.482
259,Browns,Lions,2,5,7.219,16.854,6.797,16.493,6.339,16.998,6.771,16.879
260,Browns,Commanders,1,5,7.219,16.854,6.797,16.493,6.593,16.551,6.74,16.872
261,Browns,Texans,6,6,7.219,16.854,6.797,16.493,6.192,16.017,6.933,16.979
262,Browns,Raiders,6,0,7.219,16.854,6.797,16.493,6.837,16.443,6.597,17.181
263,Browns,49ers,2,2,7.219,16.854,6.797,16.493,6.718,18.058,6.253,16.078
264,Browns,Steelers,16,9,7.219,16.854,6.797,16.493,6.415,16.214,6.535,16.52
265,Browns,Falcons,2,3,7.219,16.854,6.797,16.493,6.511,16.275,6.806,16.462
266,Browns,Buccaneers,4,3,7.219,16.854,6.797,16.493,6.327,16.488,6.39,15.924
267,Browns,Saints,3,2,7.219,16.854,6.797,16.493,6.74,16.41,6.557,16.957
268,Browns,Broncos,4,3,7.219,16.854,6.797,16.493,6.592,16.505,6.269,16.229
269,Browns,Vikings,2,1,7.219,16.854,6.797,16.493,6.801,16.148,6.571,16.397
270,Browns,NaN,0,0,7.219,16.854,6.797,16.493,,,,
271,Browns,AFC Pro Bowl,0,0,7.219,16.854,6.797,16.493,,,,
272,Browns,NFC Pro Bowl,0,0,7.219,16.854,6.797,16.493,,,,
273,Packers,Cowboys,0,5,6.951,17.113,6.836,17.409,7.215,16.457,6.78,16.594
274,Packers,Panthers,2,5,6.951,17.113,6.836,17.409,6.598,16.896,6.829,15.842
275,Packers,Bills,4,2,6.951,17.113,6.836,17.409,6.526,16.119,6.915,16.03
276,Packers,Dolphins,0,3,6.951,17.113,6.836,17.409,6.552,15.948,6.767,17.25
277,Packers,Ravens,3,3,6.951,17.113,6.836,17.409,6.848,15.508,6.167,16.426
278,Packers,Patriots,3,2,6.951,17.113,6.836,17.409,6.521,16.921,6.584,16.406
279,Packers,Bears,2,20,6.951,17.113,6.836,17.409,6.456,15.743,6.689,16.482
280,Packers,Browns,0,4,6.951,17.113,6.836,17.409,7.219,16.854,6.797,16.493
281,Packers,Giants,3,1,6.951,17.113,6.836,17.409,6.452,15.906,6.589,16.765
282,Packers,Bengals,0,4,6.951,17.113,6.836,17.409,6.31,16.733,6.914,16.419
283,Packers,Chiefs,6,5,6.951,17.113,6.836,17.409,6.684,17.701,6.98,16.736
284,Packers,Jets,2,1,6.951,17.113,6.836,17.409,6.497,16.567,6.126,16.663
285,Packers,Rams,2,10,6.951,17.113,6.836,17.409,6.571,17.061,6.548,16.586
286,Packers,Cardinals,1,1,6.951,17.113,6.836,17.409,6.219,16.207,6.722,16.618
287,Packers,Colts,2,2,6.951,17.113,6.836,17.409,6.516,16.371,6.454,16.614
288,Packers,Chargers,2,2,6.951,17.113,6.836,17.409,6.277,17.108,7.115,16.667
289,Packers,Eagles,5,4,6.951,17.113,6.836,17.409,6.725,16.717,6.608,16.666
290,Packers,Jaguars,0,2,6.951,17.113,6.836,17.409,6.486,16.136,6.545,16.65
291,Packers,Seahawks,2,8,6.951,17.113,6.836,17.409,6.986,17.195,6.272,16.078
292,Packers,Titans,1,5,6.951,17.113,6.836,17.409,7.133,16.717,6.318,16.482
293,Packers,Lions,12,9,6.951,17.113,6.836,17.409,6.339,16.998,6.771,16.879
294,Packers,Commanders,4,5,6.951,17.113,6.836,17.409,6.593,16.551,6.74,16.872
295,Packers,Texans,1,3,6.951,17.113,6.836,17.409,6.192,16.017,6.933,16.979
296,Packers,Raiders,6,2,6.951,17.113,6.836,17.409,6.837,16.443,6.597,17.181
297,Packers,49ers,9,4,6.951,17.113,6.836,17.409,6.718,18.058,6.253,16.078
298,Packers,Steelers,4,4,6.951,17.113,6.836,17.409,6.415,16.214,6.535,16.52
299,Packers,Falcons,4,4,6.951,17.113,6.836,17.409,6.511,16.275,6.806,16.462
300,Packers,Buccaneers,4,3,6.951,17.113,6.836,17.409,6.327,16.488,6.39,15.924
301,Packers,Saints,3,5,6.951,17.113,6.836,17.409,6.74,16.41,6.557,16.957
302,Packers,Broncos,6,2,6.951,17.113,6.836,17.409,6.592,16.505,6.269,16.229
303,Packers,Vikings,12,9,6.951,17.113,6.836,17.409,6.801,16.148,6.571,16.397
304,Packers,NaN,0,0,6.951,17.113,6.836,17.409,,,,
305,Packers,AFC Pro Bowl,0,0,6.951,17.113,6.836,17.409,,,,
306,Packers,NFC Pro Bowl,0,0,6.951,17.113,6.836,17.409,,,,
307,Giants,Cowboys,21,2,6.452,15.906,6.589,16.765,7.215,16.457,6.78,16.594
308,Giants,Panthers,2,6,6.452,15.906,6.589,16.765,6.598,16.896,6.829,15.842
309,Giants,Bills,3,0,6.452,15.906,6.589,16.765,6.526,16.119,6.915,16.03
310,Giants,Dolphins,4,2,6.452,15.906,6.589,16.765,6.552,15.948,6.767,17.25
311,Giants,Ravens,2,2,6.452,15.906,6.589,16.765,6.848,15.508,6.167,16.426
312,Giants,Patriots,4,5,6.452,15.906,6.589,16.765,6.521,16.921,6.584,16.406
313,Giants,Bears,6,6,6.452,15.906,6.589,16.765,6.456,15.743,6.689,16.482
314,Giants,Browns,6,1,6.452,15.906,6.589,16.765,7.219,16.854,6.797,16.493
315,Giants,Packers,1,3,6.452,15.906,6.589,16.765,6.951,17.113,6.836,17.409
316,Giants,Bengals,0,4,6.452,15.906,6.589,16.765,6.31,16.733,6.914,16.419
317,Giants,Chiefs,2,2,6.452,15.906,6.589,16.765,6.684,17.701,6.98,16.736
318,Giants,Jets,9,5,6.452,15.906,6.589,16.765,6.497,16.567,6.126,16.663
319,Giants,Rams,5,0,6.452,15.906,6.589,16.765,6.571,17.061,6.548,16.586
320,Giants,Cardinals,4,1,6.452,15.906,6.589,16.765,6.219,16.207,6.722,16.618
321,Giants,Colts,2,2,6.452,15.906,6.589,16.765,6.516,16.371,6.454,16.614
322,Giants,Chargers,3,0,6.452,15.906,6.589,16.765,6.277,17.108,7.115,16.667
323,Giants,Eagles,20,6,6.452,15.906,6.589,16.765,6.725,16.717,6.608,16.666
324,Giants,Jaguars,1,1,6.452,15.906,6.589,16.765,6.486,16.136,6.545,16.65
325,Giants,Seahawks,4,1,6.452,15.906,6.589,16.765,6.986,17.195,6.272,16.078
326,Giants,Titans,1,1,6.452,15.906,6.589,16.765,7.133,16.717,6.318,16.482
327,Giants,Lions,6,3,6.452,15.906,6.589,16.765,6.339,16.998,6.771,16.879
328,Giants,Commanders,8,13,6.452,15.906,6.589,16.765,6.593,16.551,6.74,16.872
329,Giants,Texans,2,3,6.452,15.906,6.589,16.765,6.192,16.017,6.933,16.979
330,Giants,Raiders,4,2,6.452,15.906,6.589,16.765,6.837,16.443,6.597,17.181
331,Giants,49ers,5,1,6.452,15.906,6.589,16.765,6.718,18.058,6.253,16.078
332,Giants,Steelers,2,0,6.452,15.906,6.589,16.765,6.415,16.214,6.535,16.52
333,Giants,Falcons,3,0,6.452,15.906,6.589,16.765,6.511,16.275,6.806,16.462
334,Giants,Buccaneers,5,3,6.452,15.906,6.589,16.765,6.327,16.488,6.39,15.924
335,Giants,Saints,3,1,6.452,15.906,6.589,16.765,6.74,16.41,6.557,16.957
336,Giants,Broncos,1,1,6.452,15.906,6.589,16.765,6.592,16.505,6.269,16.229
337,Giants,Vikings,4,1,6.452,15.906,6.589,16.765,6.801,16.148,6.571,16.397
338,Giants,NaN,0,0,6.452,15.906,6.589,16.765,,,,
339,Giants,AFC Pro Bowl,0,0,6.452,15.906,6.589,16.765,,,,
340,Giants,NFC Pro Bowl,0,0,6.452,15.906,6.589,16.765,,,,
341,Bengals,Cowboys,3,1,6.31,16.733,6.914,16.419,7.215,16.457,6.78,16.594
342,Bengals,Panthers,2,3,6.31,16.733,6.914,16.419,6.598,16.896,6.829,15.842
343,Bengals,Bills,2,6,6.31,16.733,6.914,16.419,6.526,16.119,6.915,16.03
344,Bengals,Dolphins,5,4,6.31,16.733,6.914,16.419,6.552,15.948,6.767,17.25
345,Bengals,Ravens,14,10,6.31,16.733,6.914,16.419,6.848,15.508,6.167,16.426
346,Bengals,Patriots,2,1,6.31,16.733,6.914,16.419,6.521,16.921,6.584,16.406
347,Bengals,Bears,5,2,6.31,16.733,6.914,16.419,6.456,15.743,6.689,16.482
348,Bengals,Browns,15,9,6.31,16.733,6.914,16.419,7.219,16.854,6.797,16.493
349,Bengals,Packers,4,0,6.31,16.733,6.914,16.419,6.951,17.113,6.836,17.409
350,Bengals,Giants,4,0,6.31,16.733,6.914,16.419,6.452,15.906,6.589,16.765
351,Bengals,Chiefs,11,5,6.31,16.733,6.914,16.419,6.684,17.701,6.98,16.736
352,Bengals,Jets,2,3,6.31,16.733,6.914,16.419,6.497,16.567,6.126,16.663
353,Bengals,Rams,3,4,6.31,16.733,6.914,16.419,6.571,17.061,6.548,16.586
354,Bengals,Cardinals,2,1,6.31,16.733,6.914,16.419,6.219,16.207,6.722,16.618
355,Bengals,Colts,7,5,6.31,16.733,6.914,16.419,6.516,16.371,6.454,16.614
356,Bengals,Chargers,4,0,6.31,16.733,6.914,16.419,6.277,17.108,7.115,16.667
357,Bengals,Eagles,0,0,6.31,16.733,6.914,16.419,6.725,16.717,6.608,16.666
358,Bengals,Jaguars,3,5,6.31,16.733,6.914,16.419,6.486,16.136,6.545,16.65
359,Bengals,Seahawks,2,2,6.31,16.733,6.914,16.419,6.986,17.195,6.272,16.078
360,Bengals,Titans,4,4,6.31,16.733,6.914,16.419,7.133,16.717,6.318,16.482
361,Bengals,Lions,0,3,6.31,16.733,6.914,16.419,6.339,16.998,6.771,16.879
362,Bengals,Commanders,9,1,6.31,16.733,6.914,16.419,6.593,16.551,6.74,16.872
363,Bengals,Texans,2,1,6.31,16.733,6.914,16.419,6.192,16.017,6.933,16.979
364,Bengals,Raiders,2,5,6.31,16.733,6.914,16.419,6.837,16.443,6.597,17.181
365,Bengals,49ers,2,1,6.31,16.733,6.914,16.419,6.718,18.058,6.253,16.078
366,Bengals,Steelers,15,6,6.31,16.733,6.914,16.419,6.415,16.214,6.535,16.52
367,Bengals,Falcons,0,3,6.31,16.733,6.914,16.419,6.511,16.275,6.806,16.462
368,Bengals,Buccaneers,1,6,6.31,16.733,6.914,16.419,6.327,16.488,6.39,15.924
369,Bengals,Saints,1,1,6.31,16.733,6.914,16.419,6.74,16.41,6.557,16.957
370,Bengals,Broncos,1,2,6.31,16.733,6.914,16.419,6.592,16.505,6.269,16.229
371,Bengals,Vikings,2,4,6.31,16.733,6.914,16.419,6.801,16.148,6.571,16.397
372,Bengals,NaN,0,0,6.31,16.733,6.914,16.419,,,,
373,Bengals,AFC Pro Bowl,0,0,6.31,16.733,6.914,16.419,,,,
374,Bengals,NFC Pro Bowl,0,0,6.31,16.733,6.914,16.419,,,,
375,Chiefs,Cowboys,2,2,6.684,17.701,6.98,16.736,7.215,16.457,6.78,16.594
376,Chiefs,Panthers,0,2,6.684,17.701,6.98,16.736,6.598,16.896,6.829,15.842
377,Chiefs,Bills,4,6,6.684,17.701,6.98,16.736,6.526,16.119,6.915,16.03
378,Chiefs,Dolphins,0,7,6.684,17.701,6.98,16.736,6.552,15.948,6.767,17.25
379,Chiefs,Ravens,2,8,6.684,17.701,6.98,16.736,6.848,15.508,6.167,16.426
380,Chiefs,Patriots,3,5,6.684,17.701,6.98,16.736,6.521,16.921,6.584,16.406
381,Chiefs,Bears,5,3,6.684,17.701,6.98,16.736,6.456,15.743,6.689,16.482
382,Chiefs,Browns,0,7,6.684,17.701,6.98,16.736,7.219,16.854,6.797,16.493
383,Chiefs,Packers,5,6,6.684,17.701,6.98,16.736,6.951,17.113,6.836,17.409
384,Chiefs,Giants,2,2,6.684,17.701,6.98,16.736,6.452,15.906,6.589,16.765
385,Chiefs,Bengals,5,11,6.684,17.701,6.98,16.736,6.31,16.733,6.914,16.419
386,Chiefs,Jets,2,3,6.684,17.701,6.98,16.736,6.497,16.567,6.126,16.663
387,Chiefs,Rams,2,2,6.684,17.701,6.98,16.736,6.571,17.061,6.548,16.586
388,Chiefs,Cardinals,0,5,6.684,17.701,6.98,16.736,6.219,16.207,6.722,16.618
389,Chiefs,Colts,3,2,6.684,17.701,6.98,16.736,6.516,16.371,6.454,16.614
390,Chiefs,Chargers,3,16,6.684,17.701,6.98,16.736,6.277,17.108,7.115,16.667
391,Chiefs,Eagles,1,4,6.684,17.701,6.98,16.736,6.725,16.717,6.608,16.666
392,Chiefs,Jaguars,2,8,6.684,17.701,6.98,16.736,6.486,16.136,6.545,16.65
393,Chiefs,Seahawks,4,2,6.684,17.701,6.98,16.736,6.986,17.195,6.272,16.078
394,Chiefs,Titans,5,6,6.684,17.701,6.98,16.736,7.133,16.717,6.318,16.482
395,Chiefs,Lions,2,1,6.684,17.701,6.98,16.736,6.339,16.998,6.771,16.879
396,Chiefs,Commanders,0,5,6.684,17.701,6.98,16.736,6.593,16.551,6.74,16.872
397,Chiefs,Texans,2,6,6.684,17.701,6.98,16.736,6.192,16.017,6.933,16.979
398,Chiefs,Raiders,4,16,6.684,17.701,6.98,16.736,6.837,16.443,6.597,17.181
399,Chiefs,49ers,2,8,6.684,17.701,6.98,16.736,6.718,18.058,6.253,16.078
400,Chiefs,Steelers,3,5,6.684,17.701,6.98,16.736,6.415,16.214,6.535,16.52
401,Chiefs,Falcons,0,4,6.684,17.701,6.98,16.736,6.511,16.275,6.806,16.462
402,Chiefs,Buccaneers,2,2,6.684,17.701,6.98,16.736,6.327,16.488,6.39,15.924
403,Chiefs,Saints,2,1,6.684,17.701,6.98,16.736,6.74,16.41,6.557,16.957
404,Chiefs,Broncos,2,20,6.684,17.701,6.98,16.736,6.592,16.505,6.269,16.229
405,Chiefs,Vikings,0,5,6.684,17.701,6.98,16.736,6.801,16.148,6.571,16.397
406,Chiefs,NaN,0,0,6.684,17.701,6.98,16.736,,,,
407,Chiefs,AFC Pro Bowl,0,0,6.684,17.701,6.98,16.736,,,,
408,Chiefs,NFC Pro Bowl,0,0,6.684,17.701,6.98,16.736,,,,
409,Jets,Cowboys,2,2,6.497,16.567,6.126,16.663,7.215,16.457,6.78,16.594
410,Jets,Panthers,3,2,6.497,16.567,6.126,16.663,6.598,16.896,6.829,15.842
411,Jets,Bills,14,8,6.497,16.567,6.126,16.663,6.526,16.119,6.915,16.03
412,Jets,Dolphins,18,6,6.497,16.567,6.126,16.663,6.552,15.948,6.767,17.25
413,Jets,Ravens,3,0,6.497,16.567,6.126,16.663,6.848,15.508,6.167,16.426
414,Jets,Patriots,19,3,6.497,16.567,6.126,16.663,6.521,16.921,6.584,16.406
415,Jets,Bears,2,2,6.497,16.567,6.126,16.663,6.456,15.743,6.689,16.482
416,Jets,Browns,7,4,6.497,16.567,6.126,16.663,7.219,16.854,6.797,16.493
417,Jets,Packers,1,2,6.497,16.567,6.126,16.663,6.951,17.113,6.836,17.409
418,Jets,Giants,5,9,6.497,16.567,6.126,16.663,6.452,15.906,6.589,16.765
419,Jets,Bengals,3,2,6.497,16.567,6.126,16.663,6.31,16.733,6.914,16.419
420,Jets,Chiefs,3,2,6.497,16.567,6.126,16.663,6.684,17.701,6.98,16.736
421,Jets,Rams,0,1,6.497,16.567,6.126,16.663,6.571,17.061,6.548,16.586
422,Jets,Cardinals,1,0,6.497,16.567,6.126,16.663,6.219,16.207,6.722,16.618
423,Jets,Colts,4,2,6.497,16.567,6.126,16.663,6.516,16.371,6.454,16.614
424,Jets,Chargers,4,0,6.497,16.567,6.126,16.663,6.277,17.108,7.115,16.667
425,Jets,Eagles,5,7,6.497,16.567,6.126,16.663,6.725,16.717,6.608,16.666
426,Jets,Jaguars,5,4,6.497,16.567,6.126,16.663,6.486,16.136,6.545,16.65
427,Jets,Seahawks,4,0,6.497,16.567,6.126,16.663,6.986,17.195,6.272,16.078
428,Jets,Titans,2,5,6.497,16.567,6.126,16.663,7.133,16.717,6.318,16.482
429,Jets,Lions,3,1,6.497,16.567,6.126,16.663,6.339,16.998,6.771,16.879
430,Jets,Commanders,2,5,6.497,16.567,6.126,16.663,6.593,16.551,6.74,16.872
431,Jets,Texans,1,3,6.497,16.567,6.126,16.663,6.192,16.017,6.933,16.979
432,Jets,Raiders,5,2,6.497,16.567,6.126,16.663,6.837,16.443,6.597,17.181
433,Jets,49ers,3,0,6.497,16.567,6.126,16.663,6.718,18.058,6.253,16.078
434,Jets,Steelers,0,3,6.497,16.567,6.126,16.663,6.415,16.214,6.535,16.52
435,Jets,Falcons,4,5,6.497,16.567,6.126,16.663,6.511,16.275,6.806,16.462
436,Jets,Buccaneers,4,0,6.497,16.567,6.126,16.663,6.327,16.488,6.39,15.924
437,Jets,Saints,4,0,6.497,16.567,6.126,16.663,6.74,16.41,6.557,16.957
438,Jets,Broncos,6,4,6.497,16.567,6.126,16.663,6.592,16.505,6.269,16.229
439,Jets,Vikings,3,0,6.497,16.567,6.126,16.663,6.801,16.148,6.571,16.397
440,Jets,NaN,0,0,6.497,16.567,6.126,16.663,,,,
441,Jets,AFC Pro Bowl,0,0,6.497,16.567,6.126,16.663,,,,
442,Jets,NFC Pro Bowl,0,0,6.497,16.567,6.126,16.663,,,,
443,Rams,Cowboys,6,9,6.571,17.061,6.548,16.586,7.215,16.457,6.78,16.594
444,Rams,Panthers,0,3,6.571,17.061,6.548,16.586,6.598,16.896,6.829,15.842
445,Rams,Bills,3,0,6.571,17.061,6.548,16.586,6.526,16.119,6.915,16.03
446,Rams,Dolphins,2,0,6.571,17.061,6.548,16.586,6.552,15.948,6.767,17.25
447,Rams,Ravens,5,1,6.571,17.061,6.548,16.586,6.848,15.508,6.167,16.426
448,Rams,Patriots,1,2,6.571,17.061,6.548,16.586,6.521,16.921,6.584,16.406
449,Rams,Bears,4,6,6.571,17.061,6.548,16.586,6.456,15.743,6.689,16.482
450,Rams,Browns,0,3,6.571,17.061,6.548,16.586,7.219,16.854,6.797,16.493
451,Rams,Packers,10,2,6.571,17.061,6.548,16.586,6.951,17.113,6.836,17.409
452,Rams,Giants,0,5,6.571,17.061,6.548,16.586,6.452,15.906,6.589,16.765
453,Rams,Bengals,4,3,6.571,17.061,6.548,16.586,6.31,16.733,6.914,16.419
454,Rams,Chiefs,2,2,6.571,17.061,6.548,16.586,6.684,17.701,6.98,16.736
455,Rams,Jets,1,0,6.571,17.061,6.548,16.586,6.497,16.567,6.126,16.663
456,Rams,Cardinals,4,19,6.571,17.061,6.548,16.586,6.219,16.207,6.722,16.618
457,Rams,Colts,0,4,6.571,17.061,6.548,16.586,6.516,16.371,6.454,16.614
458,Rams,Chargers,5,4,6.571,17.061,6.548,16.586,6.277,17.108,7.115,16.667
459,Rams,Eagles,3,1,6.571,17.061,6.548,16.586,6.725,16.717,6.608,16.666
460,Rams,Jaguars,0,3,6.571,17.061,6.548,16.586,6.486,16.136,6.545,16.65
461,Rams,Seahawks,8,15,6.571,17.061,6.548,16.586,6.986,17.195,6.272,16.078
462,Rams,Titans,1,1,6.571,17.061,6.548,16.586,7.133,16.717,6.318,16.482
463,Rams,Lions,4,3,6.571,17.061,6.548,16.586,6.339,16.998,6.771,16.879
464,Rams,Commanders,1,3,6.571,17.061,6.548,16.586,6.593,16.551,6.74,16.872
465,Rams,Texans,3,6,6.571,17.061,6.548,16.586,6.192,16.017,6.933,16.979
466,Rams,Raiders,4,6,6.571,17.061,6.548,16.586,6.837,16.443,6.597,17.181
467,Rams,49ers,14,9,6.571,17.061,6.548,16.586,6.718,18.058,6.253,16.078
468,Rams,Steelers,3,0,6.571,17.061,6.548,16.586,6.415,16.214,6.535,16.52
469,Rams,Falcons,1,3,6.571,17.061,6.548,16.586,6.511,16.275,6.806,16.462
470,Rams,Buccaneers,3,4,6.571,17.061,6.548,16.586,6.327,16.488,6.39,15.924
471,Rams,Saints,6,7,6.571,17.061,6.548,16.586,6.74,16.41,6.557,16.957
472,Rams,Broncos,4,5,6.571,17.061,6.548,16.586,6.592,16.505,6.269,16.229
473,Rams,Vikings,2,3,6.571,17.061,6.548,16.586,6.801,16.148,6.571,16.397
474,Rams,NaN,0,0,6.571,17.061,6.548,16.586,,,,
475,Rams,AFC Pro Bowl,0,0,6.571,17.061,6.548,16.586,,,,
476,Rams,NFC Pro Bowl,0,0,6.571,17.061,6.548,16.586,,,,
477,Cardinals,Cowboys,3,7,6.219,16.207,6.722,16.618,7.215,16.457,6.78,16.594
478,Cardinals,Panthers,4,1,6.219,16.207,6.722,16.618,6.598,16.896,6.829,15.842
479,Cardinals,Bills,2,2,6.219,16.207,6.722,16.618,6.526,16.119,6.915,16.03
480,Cardinals,Dolphins,1,0,6.219,16.207,6.722,16.618,6.552,15.948,6.767,17.25
481,Cardinals,Ravens,4,0,6.219,16.207,6.722,16.618,6.848,15.508,6.167,16.426
482,Cardinals,Patriots,3,0,6.219,16.207,6.722,16.618,6.521,16.921,6.584,16.406
483,Cardinals,Bears,4,1,6.219,16.207,6.722,16.618,6.456,15.743,6.689,16.482
484,Cardinals,Browns,2,3,6.219,16.207,6.722,16.618,7.219,16.854,6.797,16.493
485,Cardinals,Packers,1,1,6.219,16.207,6.722,16.618,6.951,17.113,6.836,17.409
486,Cardinals,Giants,1,4,6.219,16.207,6.722,16.618,6.452,15.906,6.589,16.765
487,Cardinals,Bengals,1,2,6.219,16.207,6.722,16.618,6.31,16.733,6.914,16.419
488,Cardinals,Chiefs,5,0,6.219,16.207,6.722,16.618,6.684,17.701,6.98,16.736
489,Cardinals,Jets,0,1,6.219,16.207,6.722,16.618,6.497,16.567,6.126,16.663
490,Cardinals,Rams,19,4,6.219,16.207,6.722,16.618,6.571,17.061,6.548,16.586
491,Cardinals,Colts,3,1,6.219,16.207,6.722,16.618,6.516,16.371,6.454,16.614
492,Cardinals,Chargers,3,4,6.219,16.207,6.722,16.618,6.277,17.108,7.115,16.667
493,Cardinals,Eagles,3,3,6.219,16.207,6.722,16.618,6.725,16.717,6.608,16.666
494,Cardinals,Jaguars,0,3,6.219,16.207,6.722,16.618,6.486,16.136,6.545,16.65
495,Cardinals,Seahawks,14,5,6.219,16.207,6.722,16.618,6.986,17.195,6.272,16.078
496,Cardinals,Titans,2,3,6.219,16.207,6.722,16.618,7.133,16.717,6.318,16.482
497,Cardinals,Lions,7,0,6.219,16.207,6.722,16.618,6.339,16.998,6.771,16.879
498,Cardinals,Commanders,6,2,6.219,16.207,6.722,16.618,6.593,16.551,6.74,16.872
499,Cardinals,Texans,4,2,6.219,16.207,6.722,16.618,6.192,16.017,6.933,16.979
500,Cardinals,Raiders,2,3,6.219,16.207,6.722,16.618,6.837,16.443,6.597,17.181
501,Cardinals,49ers,10,10,6.219,16.207,6.722,16.618,6.718,18.058,6.253,16.078
502,Cardinals,Steelers,1,1,6.219,16.207,6.722,16.618,6.415,16.214,6.535,16.52
503,Cardinals,Falcons,4,5,6.219,16.207,6.722,16.618,6.511,16.275,6.806,16.462
504,Cardinals,Buccaneers,3,2,6.219,16.207,6.722,16.618,6.327,16.488,6.39,15.924
505,Cardinals,Saints,3,3,6.219,16.207,6.722,16.618,6.74,16.41,6.557,16.957
506,Cardinals,Broncos,10,2,6.219,16.207,6.722,16.618,6.592,16.505,6.269,16.229
507,Cardinals,Vikings,6,3,6.219,16.207,6.722,16.618,6.801,16.148,6.571,16.397
508,Cardinals,NaN,0,0,6.219,16.207,6.722,16.618,,,,
509,Cardinals,AFC Pro Bowl,0,0,6.219,16.207,6.722,16.618,,,,
510,Cardinals,NFC Pro Bowl,0,0,6.219,16.207,6.722,16.618,,,,
511,Colts,Cowboys,4,2,6.516,16.371,6.454,16.614,7.215,16.457,6.78,16.594
512,Colts,Panthers,0,5,6.516,16.371,6.454,16.614,6.598,16.896,6.829,15.842
513,Colts,Bills,10,3,6.516,16.371,6.454,16.614,6.526,16.119,6.915,16.03
514,Colts,Dolphins,1,3,6.516,16.371,6.454,16.614,6.552,15.948,6.767,17.25
515,Colts,Ravens,6,1,6.516,16.371,6.454,16.614,6.848,15.508,6.167,16.426
516,Colts,Patriots,4,3,6.516,16.371,6.454,16.614,6.521,16.921,6.584,16.406
517,Colts,Bears,1,5,6.516,16.371,6.454,16.614,6.456,15.743,6.689,16.482
518,Colts,Browns,4,2,6.516,16.371,6.454,16.614,7.219,16.854,6.797,16.493
519,Colts,Packers,2,2,6.516,16.371,6.454,16.614,6.951,17.113,6.836,17.409
520,Colts,Giants,2,2,6.516,16.371,6.454,16.614,6.452,15.906,6.589,16.765
521,Colts,Bengals,5,7,6.516,16.371,6.454,16.614,6.31,16.733,6.914,16.419
522,Colts,Chiefs,2,3,6.516,16.371,6.454,16.614,6.684,17.701,6.98,16.736
523,Colts,Jets,2,4,6.516,16.371,6.454,16.614,6.497,16.567,6.126,16.663
524,Colts,Rams,4,0,6.516,16.371,6.454,16.614,6.571,17.061,6.548,16.586
525,Colts,Cardinals,1,3,6.516,16.371,6.454,16.614,6.219,16.207,6.722,16.618
526,Colts,Chargers,3,0,6.516,16.371,6.454,16.614,6.277,17.108,7.115,16.667
527,Colts,Eagles,3,1,6.516,16.371,6.454,16.614,6.725,16.717,6.608,16.666
528,Colts,Jaguars,16,10,6.516,16.371,6.454,16.614,6.486,16.136,6.545,16.65
529,Colts,Seahawks,3,1,6.516,16.371,6.454,16.614,6.986,17.195,6.272,16.078
530,Colts,Titans,11,8,6.516,16.371,6.454,16.614,7.133,16.717,6.318,16.482
531,Colts,Lions,2,2,6.516,16.371,6.454,16.614,6.339,16.998,6.771,16.879
532,Colts,Commanders,1,1,6.516,16.371,6.454,16.614,6.593,16.551,6.74,16.872
533,Colts,Texans,6,14,6.516,16.371,6.454,16.614,6.192,16.017,6.933,16.979
534,Colts,Raiders,2,5,6.516,16.371,6.454,16.614,6.837,16.443,6.597,17.181
535,Colts,49ers,0,5,6.516,16.371,6.454,16.614,6.718,18.058,6.253,16.078
536,Colts,Steelers,6,5,6.516,16.371,6.454,16.614,6.415,16.214,6.535,16.52
537,Colts,Falcons,2,2,6.516,16.371,6.454,16.614,6.511,16.275,6.806,16.462
538,Colts,Buccaneers,3,4,6.516,16.371,6.454,16.614,6.327,16.488,6.39,15.924
539,Colts,Saints,3,0,6.516,16.371,6.454,16.614,6.74,16.41,6.557,16.957
540,Colts,Broncos,2,3,6.516,16.371,6.454,16.614,6.592,16.505,6.269,16.229
541,Colts,Vikings,2,3,6.516,16.371,6.454,16.614,6.801,16.148,6.571,16.397
542,Colts,NaN,0,0,6.516,16.371,6.454,16.614,,,,
543,Colts,AFC Pro Bowl,0,0,6.516,16.371,6.454,16.614,,,,
544,Colts,NFC Pro Bowl,0,0,6.516,16.371,6.454,16.614,,,,
545,Chargers,Cowboys,3,2,6.277,17.108,7.115,16.667,7.215,16.457,6.78,16.594
546,Chargers,Panthers,1,1,6.277,17.108,7.115,16.667,6.598,16.896,6.829,15.842
547,Chargers,Bills,3,3,6.277,17.108,7.115,16.667,6.526,16.119,6.915,16.03
548,Chargers,Dolphins,4,3,6.277,17.108,7.115,16.667,6.552,15.948,6.767,17.25
549,Chargers,Ravens,4,1,6.277,17.108,7.115,16.667,6.848,15.508,6.167,16.426
550,Chargers,Patriots,6,1,6.277,17.108,7.115,16.667,6.521,16.921,6.584,16.406
551,Chargers,Bears,0,3,6.277,17.108,7.115,16.667,6.456,15.743,6.689,16.482
552,Chargers,Browns,0,6,6.277,17.108,7.115,16.667,7.219,16.854,6.797,16.493
553,Chargers,Packers,2,2,6.277,17.108,7.115,16.667,6.951,17.113,6.836,17.409
554,Chargers,Giants,0,3,6.277,17.108,7.115,16.667,6.452,15.906,6.589,16.765
555,Chargers,Bengals,0,4,6.277,17.108,7.115,16.667,6.31,16.733,6.914,16.419
556,Chargers,Chiefs,16,3,6.277,17.108,7.115,16.667,6.684,17.701,6.98,16.736
557,Chargers,Jets,0,4,6.277,17.108,7.115,16.667,6.497,16.567,6.126,16.663
558,Chargers,Rams,4,5,6.277,17.108,7.115,16.667,6.571,17.061,6.548,16.586
559,Chargers,Cardinals,4,3,6.277,17.108,7.115,16.667,6.219,16.207,6.722,16.618
560,Chargers,Colts,0,3,6.277,17.108,7.115,16.667,6.516,16.371,6.454,16.614
561,Chargers,Eagles,1,1,6.277,17.108,7.115,16.667,6.725,16.717,6.608,16.666
562,Chargers,Jaguars,5,3,6.277,17.108,7.115,16.667,6.486,16.136,6.545,16.65
563,Chargers,Seahawks,6,3,6.277,17.108,7.115,16.667,6.986,17.195,6.272,16.078
564,Chargers,Titans,4,4,6.277,17.108,7.115,16.667,7.133,16.717,6.318,16.482
565,Chargers,Lions,3,0,6.277,17.108,7.115,16.667,6.339,16.998,6.771,16.879
566,Chargers,Commanders,0,3,6.277,17.108,7.115,16.667,6.593,16.551,6.74,16.872
567,Chargers,Texans,3,1,6.277,17.108,7.115,16.667,6.192,16.017,6.933,16.979
568,Chargers,Raiders,10,15,6.277,17.108,7.115,16.667,6.837,16.443,6.597,17.181
569,Chargers,49ers,5,5,6.277,17.108,7.115,16.667,6.718,18.058,6.253,16.078
570,Chargers,Steelers,3,3,6.277,17.108,7.115,16.667,6.415,16.214,6.535,16.52
571,Chargers,Falcons,0,3,6.277,17.108,7.115,16.667,6.511,16.275,6.806,16.462
572,Chargers,Buccaneers,2,0,6.277,17.108,7.115,16.667,6.327,16.488,6.39,15.924
573,Chargers,Saints,8,0,6.277,17.108,7.115,16.667,6.74,16.41,6.557,16.957
574,Chargers,Broncos,15,9,6.277,17.108,7.115,16.667,6.592,16.505,6.269,16.229
575,Chargers,Vikings,2,1,6.277,17.108,7.115,16.667,6.801,16.148,6.571,16.397
576,Chargers,NaN,0,0,6.277,17.108,7.115,16.667,,,,
577,Chargers,AFC Pro Bowl,0,0,6.277,17.108,7.115,16.667,,,,
578,Chargers,NFC Pro Bowl,0,0,6.277,17.108,7.115,16.667,,,,
579,Eagles,Cowboys,15,9,6.725,16.717,6.608,16.666,7.215,16.457,6.78,16.594
580,Eagles,Panthers,1,2,6.725,16.717,6.608,16.666,6.598,16.896,6.829,15.842
581,Eagles,Bills,0,5,6.725,16.717,6.608,16.666,6.526,16.119,6.915,16.03
582,Eagles,Dolphins,4,4,6.725,16.717,6.608,16.666,6.552,15.948,6.767,17.25
583,Eagles,Ravens,4,1,6.725,16.717,6.608,16.666,6.848,15.508,6.167,16.426
584,Eagles,Patriots,4,3,6.725,16.717,6.608,16.666,6.521,16.921,6.584,16.406
585,Eagles,Bears,0,6,6.725,16.717,6.608,16.666,6.456,15.743,6.689,16.482
586,Eagles,Browns,4,1,6.725,16.717,6.608,16.666,7.219,16.854,6.797,16.493
587,Eagles,Packers,4,5,6.725,16.717,6.608,16.666,6.951,17.113,6.836,17.409
588,Eagles,Giants,6,20,6.725,16.717,6.608,16.666,6.452,15.906,6.589,16.765
589,Eagles,Bengals,0,0,6.725,16.717,6.608,16.666,6.31,16.733,6.914,16.419
590,Eagles,Chiefs,4,1,6.725,16.717,6.608,16.666,6.684,17.701,6.98,16.736
591,Eagles,Jets,7,5,6.725,16.717,6.608,16.666,6.497,16.567,6.126,16.663
592,Eagles,Rams,1,3,6.725,16.717,6.608,16.666,6.571,17.061,6.548,16.586
593,Eagles,Cardinals,3,3,6.725,16.717,6.608,16.666,6.219,16.207,6.722,16.618
594,Eagles,Colts,1,3,6.725,16.717,6.608,16.666,6.516,16.371,6.454,16.614
595,Eagles,Chargers,1,1,6.725,16.717,6.608,16.666,6.277,17.108,7.115,16.667
596,Eagles,Jaguars,0,4,6.725,16.717,6.608,16.666,6.486,16.136,6.545,16.65
597,Eagles,Seahawks,7,0,6.725,16.717,6.608,16.666,6.986,17.195,6.272,16.078
598,Eagles,Titans,3,2,6.725,16.717,6.608,16.666,7.133,16.717,6.318,16.482
599,Eagles,Lions,1,2,6.725,16.717,6.608,16.666,6.339,16.998,6.771,16.879
600,Eagles,Commanders,4,16,6.725,16.717,6.608,16.666,6.593,16.551,6.74,16.872
601,Eagles,Texans,0,3,6.725,16.717,6.608,16.666,6.192,16.017,6.933,16.979
602,Eagles,Raiders,2,2,6.725,16.717,6.608,16.666,6.837,16.443,6.597,17.181
603,Eagles,49ers,2,5,6.725,16.717,6.608,16.666,6.718,18.058,6.253,16.078
604,Eagles,Steelers,4,2,6.725,16.717,6.608,16.666,6.415,16.214,6.535,16.52
605,Eagles,Falcons,3,5,6.725,16.717,6.608,16.666,6.511,16.275,6.806,16.462
606,Eagles,Buccaneers,9,1,6.725,16.717,6.608,16.666,6.327,16.488,6.39,15.924
607,Eagles,Saints,5,5,6.725,16.717,6.608,16.666,6.74,16.41,6.557,16.957
608,Eagles,Broncos,0,3,6.725,16.717,6.608,16.666,6.592,16.505,6.269,16.229
609,Eagles,Vikings,4,6,6.725,16.717,6.608,16.666,6.801,16.148,6.571,16.397
610,Eagles,NaN,0,0,6.725,16.717,6.608,16.666,,,,
611,Eagles,AFC Pro Bowl,0,0,6.725,16.717,6.608,16.666,,,,
612,Eagles,NFC Pro Bowl,0,0,6.725,16.717,6.608,16.666,,,,
613,Jaguars,Cowboys,2,4,6.486,16.136,6.545,16.65,7.215,16.457,6.78,16.594
614,Jaguars,Panthers,3,2,6.486,16.136,6.545,16.65,6.598,16.896,6.829,15.842
615,Jaguars,Bills,4,5,6.486,16.136,6.545,16.65,6.526,16.119,6.915,16.03
616,Jaguars,Dolphins,5,5,6.486,16.136,6.545,16.65,6.552,15.948,6.767,17.25
617,Jaguars,Ravens,5,4,6.486,16.136,6.545,16.65,6.848,15.508,6.167,16.426
618,Jaguars,Patriots,4,3,6.486,16.136,6.545,16.65,6.521,16.921,6.584,16.406
619,Jaguars,Bears,1,0,6.486,16.136,6.545,16.65,6.456,15.743,6.689,16.482
620,Jaguars,Browns,6,1,6.486,16.136,6.545,16.65,7.219,16.854,6.797,16.493
621,Jaguars,Packers,2,0,6.486,16.136,6.545,16.65,6.951,17.113,6.836,17.409
622,Jaguars,Giants,1,1,6.486,16.136,6.545,16.65,6.452,15.906,6.589,16.765
623,Jaguars,Bengals,5,3,6.486,16.136,6.545,16.65,6.31,16.733,6.914,16.419
624,Jaguars,Chiefs,8,2,6.486,16.136,6.545,16.65,6.684,17.701,6.98,16.736
625,Jaguars,Jets,4,5,6.486,16.136,6.545,16.65,6.497,16.567,6.126,16.663
626,Jaguars,Rams,3,0,6.486,16.136,6.545,16.65,6.571,17.061,6.548,16.586
627,Jaguars,Cardinals,3,0,6.486,16.136,6.545,16.65,6.219,16.207,6.722,16.618
628,Jaguars,Colts,10,16,6.486,16.136,6.545,16.65,6.516,16.371,6.454,16.614
629,Jaguars,Chargers,3,5,6.486,16.136,6.545,16.65,6.277,17.108,7.115,16.667
630,Jaguars,Eagles,4,0,6.486,16.136,6.545,16.65,6.725,16.717,6.608,16.666
631,Jaguars,Seahawks,2,2,6.486,16.136,6.545,16.65,6.986,17.195,6.272,16.078
632,Jaguars,Titans,16,7,6.486,16.136,6.545,16.65,7.133,16.717,6.318,16.482
633,Jaguars,Lions,3,1,6.486,16.136,6.545,16.65,6.339,16.998,6.771,16.879
634,Jaguars,Commanders,3,0,6.486,16.136,6.545,16.65,6.593,16.551,6.74,16.872
635,Jaguars,Texans,16,5,6.486,16.136,6.545,16.65,6.192,16.017,6.933,16.979
636,Jaguars,Raiders,2,3,6.486,16.136,6.545,16.65,6.837,16.443,6.597,17.181
637,Jaguars,49ers,4,0,6.486,16.136,6.545,16.65,6.718,18.058,6.253,16.078
638,Jaguars,Steelers,3,3,6.486,16.136,6.545,16.65,6.415,16.214,6.535,16.52
639,Jaguars,Falcons,6,6,6.486,16.136,6.545,16.65,6.511,16.275,6.806,16.462
640,Jaguars,Buccaneers,4,3,6.486,16.136,6.545,16.65,6.327,16.488,6.39,15.924
641,Jaguars,Saints,4,1,6.486,16.136,6.545,16.65,6.74,16.41,6.557,16.957
642,Jaguars,Broncos,2,1,6.486,16.136,6.545,16.65,6.592,16.505,6.269,16.229
643,Jaguars,Vikings,2,1,6.486,16.136,6.545,16.65,6.801,16.148,6.571,16.397
644,Jaguars,NaN,0,0,6.486,16.136,6.545,16.65,,,,
645,Jaguars,AFC Pro Bowl,0,0,6.486,16.136,6.545,16.65,,,,
646,Jaguars,NFC Pro Bowl,0,0,6.486,16.136,6.545,16.65,,,,
647,Seahawks,Cowboys,6,7,6.986,17.195,6.272,16.078,7.215,16.457,6.78,16.594
648,Seahawks,Panthers,1,4,6.986,17.195,6.272,16.078,6.598,16.896,6.829,15.842
649,Seahawks,Bills,2,0,6.986,17.195,6.272,16.078,6.526,16.119,6.915,16.03
650,Seahawks,Dolphins,0,3,6.986,17.195,6.272,16.078,6.552,15.948,6.767,17.25
651,Seahawks,Ravens,3,0,6.986,17.195,6.272,16.078,6.848,15.508,6.167,16.426
652,Seahawks,Patriots,0,3,6.986,17.195,6.272,16.078,6.521,16.921,6.584,16.406
653,Seahawks,Bears,4,0,6.986,17.195,6.272,16.078,6.456,15.743,6.689,16.482
654,Seahawks,Browns,0,5,6.986,17.195,6.272,16.078,7.219,16.854,6.797,16.493
655,Seahawks,Packers,8,2,6.986,17.195,6.272,16.078,6.951,17.113,6.836,17.409
656,Seahawks,Giants,1,4,6.986,17.195,6.272,16.078,6.452,15.906,6.589,16.765
657,Seahawks,Bengals,2,2,6.986,17.195,6.272,16.078,6.31,16.733,6.914,16.419
658,Seahawks,Chiefs,2,4,6.986,17.195,6.272,16.078,6.684,17.701,6.98,16.736
659,Seahawks,Jets,0,4,6.986,17.195,6.272,16.078,6.497,16.567,6.126,16.663
660,Seahawks,Rams,15,8,6.986,17.195,6.272,16.078,6.571,17.061,6.548,16.586
661,Seahawks,Cardinals,5,14,6.986,17.195,6.272,16.078,6.219,16.207,6.722,16.618
662,Seahawks,Colts,1,3,6.986,17.195,6.272,16.078,6.516,16.371,6.454,16.614
663,Seahawks,Chargers,3,6,6.986,17.195,6.272,16.078,6.277,17.108,7.115,16.667
664,Seahawks,Eagles,0,7,6.986,17.195,6.272,16.078,6.725,16.717,6.608,16.666
665,Seahawks,Jaguars,2,2,6.986,17.195,6.272,16.078,6.486,16.136,6.545,16.65
666,Seahawks,Titans,5,1,6.986,17.195,6.272,16.078,7.133,16.717,6.318,16.482
667,Seahawks,Lions,2,5,6.986,17.195,6.272,16.078,6.339,16.998,6.771,16.879
668,Seahawks,Commanders,3,3,6.986,17.195,6.272,16.078,6.593,16.551,6.74,16.872
669,Seahawks,Texans,0,3,6.986,17.195,6.272,16.078,6.192,16.017,6.933,16.979
670,Seahawks,Raiders,4,4,6.986,17.195,6.272,16.078,6.837,16.443,6.597,17.181
671,Seahawks,49ers,11,12,6.986,17.195,6.272,16.078,6.718,18.058,6.253,16.078
672,Seahawks,Steelers,5,1,6.986,17.195,6.272,16.078,6.415,16.214,6.535,16.52
673,Seahawks,Falcons,2,2,6.986,17.195,6.272,16.078,6.511,16.275,6.806,16.462
674,Seahawks,Buccaneers,2,2,6.986,17.195,6.272,16.078,6.327,16.488,6.39,15.924
675,Seahawks,Saints,4,0,6.986,17.195,6.272,16.078,6.74,16.41,6.557,16.957
676,Seahawks,Broncos,3,6,6.986,17.195,6.272,16.078,6.592,16.505,6.269,16.229
677,Seahawks,Vikings,6,10,6.986,17.195,6.272,16.078,6.801,16.148,6.571,16.397
678,Seahawks,NaN,0,0,6.986,17.195,6.272,16.078,,,,
679,Seahawks,AFC Pro Bowl,0,0,6.986,17.195,6.272,16.078,,,,
680,Seahawks,NFC Pro Bowl,0,0,6.986,17.195,6.272,16.078,,,,
681,Titans,Cowboys,1,1,7.133,16.717,6.318,16.482,7.215,16.457,6.78,16.594
682,Titans,Panthers,2,4,7.133,16.717,6.318,16.482,6.598,16.896,6.829,15.842
683,Titans,Bills,5,4,7.133,16.717,6.318,16.482,6.526,16.119,6.915,16.03
684,Titans,Dolphins,4,4,7.133,16.717,6.318,16.482,6.552,15.948,6.767,17.25
685,Titans,Ravens,5,4,7.133,16.717,6.318,16.482,6.848,15.508,6.167,16.426
686,Titans,Patriots,5,5,7.133,16.717,6.318,16.482,6.521,16.921,6.584,16.406
687,Titans,Bears,6,3,7.133,16.717,6.318,16.482,6.456,15.743,6.689,16.482
688,Titans,Browns,3,2,7.133,16.717,6.318,16.482,7.219,16.854,6.797,16.493
689,Titans,Packers,5,1,7.133,16.717,6.318,16.482,6.951,17.113,6.836,17.409
690,Titans,Giants,1,1,7.133,16.717,6.318,16.482,6.452,15.906,6.589,16.765
691,Titans,Bengals,4,4,7.133,16.717,6.318,16.482,6.31,16.733,6.914,16.419
692,Titans,Chiefs,6,5,7.133,16.717,6.318,16.482,6.684,17.701,6.98,16.736
693,Titans,Jets,5,2,7.133,16.717,6.318,16.482,6.497,16.567,6.126,16.663
694,Titans,Rams,1,1,7.133,16.717,6.318,16.482,6.571,17.061,6.548,16.586
695,Titans,Cardinals,3,2,7.133,16.717,6.318,16.482,6.219,16.207,6.722,16.618
696,Titans,Colts,8,11,7.133,16.717,6.318,16.482,6.516,16.371,6.454,16.614
697,Titans,Chargers,4,4,7.133,16.717,6.318,16.482,6.277,17.108,7.115,16.667
698,Titans,Eagles,2,3,7.133,16.717,6.318,16.482,6.725,16.717,6.608,16.666
699,Titans,Jaguars,7,16,7.133,16.717,6.318,16.482,6.486,16.136,6.545,16.65
700,Titans,Seahawks,1,5,7.133,16.717,6.318,16.482,6.986,17.195,6.272,16.078
701,Titans,Lions,0,2,7.133,16.717,6.318,16.482,6.339,16.998,6.771,16.879
702,Titans,Commanders,0,3,7.133,16.717,6.318,16.482,6.593,16.551,6.74,16.872
703,Titans,Texans,10,10,7.133,16.717,6.318,16.482,6.192,16.017,6.933,16.979
704,Titans,Raiders,1,3,7.133,16.717,6.318,16.482,6.837,16.443,6.597,17.181
705,Titans,49ers,2,4,7.133,16.717,6.318,16.482,6.718,18.058,6.253,16.078
706,Titans,Steelers,10,0,7.133,16.717,6.318,16.482,6.415,16.214,6.535,16.52
707,Titans,Falcons,0,4,7.133,16.717,6.318,16.482,6.511,16.275,6.806,16.462
708,Titans,Buccaneers,3,5,7.133,16.717,6.318,16.482,6.327,16.488,6.39,15.924
709,Titans,Saints,3,3,7.133,16.717,6.318,16.482,6.74,16.41,6.557,16.957
710,Titans,Broncos,2,3,7.133,16.717,6.318,16.482,6.592,16.505,6.269,16.229
711,Titans,Vikings,1,2,7.133,16.717,6.318,16.482,6.801,16.148,6.571,16.397
712,Titans,NaN,0,0,7.133,16.717,6.318,16.482,,,,
713,Titans,AFC Pro Bowl,0,0,7.133,16.717,6.318,16.482,,,,
714,Titans,NFC Pro Bowl,0,0,7.133,16.717,6.318,16.482,,,,
715,Lions,Cowboys,7,0,6.339,16.998,6.771,16.879,7.215,16.457,6.78,16.594
716,Lions,Panthers,5,5,6.339,16.998,6.771,16.879,6.598,16.896,6.829,15.842
717,Lions,Bills,7,0,6.339,16.998,6.771,16.879,6.526,16.119,6.915,16.03
718,Lions,Dolphins,1,1,6.339,16.998,6.771,16.879,6.552,15.948,6.767,17.25
719,Lions,Ravens,5,0,6.339,16.998,6.771,16.879,6.848,15.508,6.167,16.426
720,Lions,Patriots,4,2,6.339,16.998,6.771,16.879,6.521,16.921,6.584,16.406
721,Lions,Bears,12,9,6.339,16.998,6.771,16.879,6.456,15.743,6.689,16.482
722,Lions,Browns,5,2,6.339,16.998,6.771,16.879,7.219,16.854,6.797,16.493
723,Lions,Packers,9,12,6.339,16.998,6.771,16.879,6.951,17.113,6.836,17.409
724,Lions,Giants,3,6,6.339,16.998,6.771,16.879,6.452,15.906,6.589,16.765
725,Lions,Bengals,3,0,6.339,16.998,6.771,16.879,6.31,16.733,6.914,16.419
726,Lions,Chiefs,1,2,6.339,16.998,6.771,16.879,6.684,17.701,6.98,16.736
727,Lions,Jets,1,3,6.339,16.998,6.771,16.879,6.497,16.567,6.126,16.663
728,Lions,Rams,3,4,6.339,16.998,6.771,16.879,6.571,17.061,6.548,16.586
729,Lions,Cardinals,0,7,6.339,16.998,6.771,16.879,6.219,16.207,6.722,16.618
730,Lions,Colts,2,2,6.339,16.998,6.771,16.879,6.516,16.371,6.454,16.614
731,Lions,Chargers,0,3,6.339,16.998,6.771,16.879,6.277,17.108,7.115,16.667
732,Lions,Eagles,2,1,6.339,16.998,6.771,16.879,6.725,16.717,6.608,16.666
733,Lions,Jaguars,1,3,6.339,16.998,6.771,16.879,6.486,16.136,6.545,16.65
734,Lions,Seahawks,5,2,6.339,16.998,6.771,16.879,6.986,17.195,6.272,16.078
735,Lions,Titans,2,0,6.339,16.998,6.771,16.879,7.133,16.717,6.318,16.482
736,Lions,Commanders,2,4,6.339,16.998,6.771,16.879,6.593,16.551,6.74,16.872
737,Lions,Texans,3,0,6.339,16.998,6.771,16.879,6.192,16.017,6.933,16.979
738,Lions,Raiders,4,2,6.339,16.998,6.771,16.879,6.837,16.443,6.597,17.181
739,Lions,49ers,5,0,6.339,16.998,6.771,16.879,6.718,18.058,6.253,16.078
740,Lions,Steelers,5,2,6.339,16.998,6.771,16.879,6.415,16.214,6.535,16.52
741,Lions,Falcons,4,3,6.339,16.998,6.771,16.879,6.511,16.275,6.806,16.462
742,Lions,Buccaneers,3,5,6.339,16.998,6.771,16.879,6.327,16.488,6.39,15.924
743,Lions,Saints,3,1,6.339,16.998,6.771,16.879,6.74,16.41,6.557,16.957
744,Lions,Broncos,4,2,6.339,16.998,6.771,16.879,6.592,16.505,6.269,16.229
745,Lions,Vikings,14,8,6.339,16.998,6.771,16.879,6.801,16.148,6.571,16.397
746,Lions,NaN,0,0,6.339,16.998,6.771,16.879,,,,
747,Lions,AFC Pro Bowl,0,0,6.339,16.998,6.771,16.879,,,,
748,Lions,NFC Pro Bowl,0,0,6.339,16.998,6.771,16.879,,,,
749,Commanders,Cowboys,16,7,6.593,16.551,6.74,16.872,7.215,16.457,6.78,16.594
750,Commanders,Panthers,2,4,6.593,16.551,6.74,16.872,6.598,16.896,6.829,15.842
751,Commanders,Bills,5,0,6.593,16.551,6.74,16.872,6.526,16.119,6.915,16.03
752,Commanders,Dolphins,3,1,6.593,16.551,6.74,16.872,6.552,15.948,6.767,17.25
753,Commanders,Ravens,9,2,6.593,16.551,6.74,16.872,6.848,15.508,6.167,16.426
754,Commanders,Patriots,5,3,6.593,16.551,6.74,16.872,6.521,16.921,6.584,16.406
755,Commanders,Bears,2,1,6.593,16.551,6.74,16.872,6.456,15.743,6.689,16.482
756,Commanders,Browns,5,1,6.593,16.551,6.74,16.872,7.219,16.854,6.797,16.493
757,Commanders,Packers,5,4,6.593,16.551,6.74,16.872,6.951,17.113,6.836,17.409
758,Commanders,Giants,13,8,6.593,16.551,6.74,16.872,6.452,15.906,6.589,16.765
759,Commanders,Bengals,1,9,6.593,16.551,6.74,16.872,6.31,16.733,6.914,16.419
760,Commanders,Chiefs,5,0,6.593,16.551,6.74,16.872,6.684,17.701,6.98,16.736
761,Commanders,Jets,5,2,6.593,16.551,6.74,16.872,6.497,16.567,6.126,16.663
762,Commanders,Rams,3,1,6.593,16.551,6.74,16.872,6.571,17.061,6.548,16.586
763,Commanders,Cardinals,2,6,6.593,16.551,6.74,16.872,6.219,16.207,6.722,16.618
764,Commanders,Colts,1,1,6.593,16.551,6.74,16.872,6.516,16.371,6.454,16.614
765,Commanders,Chargers,3,0,6.593,16.551,6.74,16.872,6.277,17.108,7.115,16.667
766,Commanders,Eagles,16,4,6.593,16.551,6.74,16.872,6.725,16.717,6.608,16.666
767,Commanders,Jaguars,0,3,6.593,16.551,6.74,16.872,6.486,16.136,6.545,16.65
768,Commanders,Seahawks,3,3,6.593,16.551,6.74,16.872,6.986,17.195,6.272,16.078
769,Commanders,Titans,3,0,6.593,16.551,6.74,16.872,7.133,16.717,6.318,16.482
770,Commanders,Lions,4,2,6.593,16.551,6.74,16.872,6.339,16.998,6.771,16.879
771,Commanders,Texans,1,1,6.593,16.551,6.74,16.872,6.192,16.017,6.933,16.979
772,Commanders,Raiders,0,3,6.593,16.551,6.74,16.872,6.837,16.443,6.597,17.181
773,Commanders,49ers,4,3,6.593,16.551,6.74,16.872,6.718,18.058,6.253,16.078
774,Commanders,Steelers,0,1,6.593,16.551,6.74,16.872,6.415,16.214,6.535,16.52
775,Commanders,Falcons,1,5,6.593,16.551,6.74,16.872,6.511,16.275,6.806,16.462
776,Commanders,Buccaneers,3,4,6.593,16.551,6.74,16.872,6.327,16.488,6.39,15.924
777,Commanders,Saints,5,0,6.593,16.551,6.74,16.872,6.74,16.41,6.557,16.957
778,Commanders,Broncos,3,3,6.593,16.551,6.74,16.872,6.592,16.505,6.269,16.229
779,Commanders,Vikings,4,0,6.593,16.551,6.74,16.872,6.801,16.148,6.571,16.397
780,Commanders,NaN,0,0,6.593,16.551,6.74,16.872,,,,
781,Commanders,AFC Pro Bowl,0,0,6.593,16.551,6.74,16.872,,,,
782,Commanders,NFC Pro Bowl,0,0,6.593,16.551,6.74,16.872,,,,
783,Texans,Cowboys,4,5,6.192,16.017,6.933,16.979,7.215,16.457,6.78,16.594
784,Texans,Panthers,6,0,6.192,16.017,6.933,16.979,6.598,16.896,6.829,15.842
785,Texans,Bills,2,4,6.192,16.017,6.933,16.979,6.526,16.119,6.915,16.03
786,Texans,Dolphins,5,2,6.192,16.017,6.933,16.979,6.552,15.948,6.767,17.25
787,Texans,Ravens,9,0,6.192,16.017,6.933,16.979,6.848,15.508,6.167,16.426
788,Texans,Patriots,5,7,6.192,16.017,6.933,16.979,6.521,16.921,6.584,16.406
789,Texans,Bears,6,2,6.192,16.017,6.933,16.979,6.456,15.743,6.689,16.482
790,Texans,Browns,6,6,6.192,16.017,6.933,16.979,7.219,16.854,6.797,16.493
791,Texans,Packers,3,1,6.192,16.017,6.933,16.979,6.951,17.113,6.836,17.409
792,Texans,Giants,3,2,6.192,16.017,6.933,16.979,6.452,15.906,6.589,16.765
793,Texans,Bengals,1,2,6.192,16.017,6.933,16.979,6.31,16.733,6.914,16.419
794,Texans,Chiefs,6,2,6.192,16.017,6.933,16.979,6.684,17.701,6.98,16.736
795,Texans,Jets,3,1,6.192,16.017,6.933,16.979,6.497,16.567,6.126,16.663
796,Texans,Rams,6,3,6.192,16.017,6.933,16.979,6.571,17.061,6.548,16.586
797,Texans,Cardinals,2,4,6.192,16.017,6.933,16.979,6.219,16.207,6.722,16.618
798,Texans,Colts,14,6,6.192,16.017,6.933,16.979,6.516,16.371,6.454,16.614
799,Texans,Chargers,1,3,6.192,16.017,6.933,16.979,6.277,17.108,7.115,16.667
800,Texans,Eagles,3,0,6.192,16.017,6.933,16.979,6.725,16.717,6.608,16.666
801,Texans,Jaguars,5,16,6.192,16.017,6.933,16.979,6.486,16.136,6.545,16.65
802,Texans,Seahawks,3,0,6.192,16.017,6.933,16.979,6.986,17.195,6.272,16.078
803,Texans,Titans,10,10,6.192,16.017,6.933,16.979,7.133,16.717,6.318,16.482
804,Texans,Lions,0,3,6.192,16.017,6.933,16.979,6.339,16.998,6.771,16.879
805,Texans,Commanders,1,1,6.192,16.017,6.933,16.979,6.593,16.551,6.74,16.872
806,Texans,Raiders,2,2,6.192,16.017,6.933,16.979,6.837,16.443,6.597,17.181
807,Texans,49ers,3,4,6.192,16.017,6.933,16.979,6.718,18.058,6.253,16.078
808,Texans,Steelers,3,3,6.192,16.017,6.933,16.979,6.415,16.214,6.535,16.52
809,Texans,Falcons,2,2,6.192,16.017,6.933,16.979,6.511,16.275,6.806,16.462
810,Texans,Buccaneers,1,3,6.192,16.017,6.933,16.979,6.327,16.488,6.39,15.924
811,Texans,Saints,4,5,6.192,16.017,6.933,16.979,6.74,16.41,6.557,16.957
812,Texans,Broncos,3,3,6.192,16.017,6.933,16.979,6.592,16.505,6.269,16.229
813,Texans,Vikings,3,0,6.192,16.017,6.933,16.979,6.801,16.148,6.571,16.397
814,Texans,NaN,0,0,6.192,16.017,6.933,16.979,,,,
815,Texans,AFC Pro Bowl,0,0,6.192,16.017,6.933,16.979,,,,
816,Texans,NFC Pro Bowl,0,0,6.192,16.017,6.933,16.979,,,,
817,Raiders,Cowboys,6,1,6.837,16.443,6.597,17.181,7.215,16.457,6.78,16.594
818,Raiders,Panthers,1,1,6.837,16.443,6.597,17.181,6.598,16.896,6.829,15.842
819,Raiders,Bills,5,0,6.837,16.443,6.597,17.181,6.526,16.119,6.915,16.03
820,Raiders,Dolphins,5,4,6.837,16.443,6.597,17.181,6.552,15.948,6.767,17.25
821,Raiders,Ravens,3,3,6.837,16.443,6.597,17.181,6.848,15.508,6.167,16.426
822,Raiders,Patriots,3,6,6.837,16.443,6.597,17.181,6.521,16.921,6.584,16.406
823,Raiders,Bears,3,2,6.837,16.443,6.597,17.181,6.456,15.743,6.689,16.482
824,Raiders,Browns,0,6,6.837,16.443,6.597,17.181,7.219,16.854,6.797,16.493
825,Raiders,Packers,2,6,6.837,16.443,6.597,17.181,6.951,17.113,6.836,17.409
826,Raiders,Giants,2,4,6.837,16.443,6.597,17.181,6.452,15.906,6.589,16.765
827,Raiders,Bengals,5,2,6.837,16.443,6.597,17.181,6.31,16.733,6.914,16.419
828,Raiders,Chiefs,16,4,6.837,16.443,6.597,17.181,6.684,17.701,6.98,16.736
829,Raiders,Jets,2,5,6.837,16.443,6.597,17.181,6.497,16.567,6.126,16.663
830,Raiders,Rams,6,4,6.837,16.443,6.597,17.181,6.571,17.061,6.548,16.586
831,Raiders,Cardinals,3,2,6.837,16.443,6.597,17.181,6.219,16.207,6.722,16.618
832,Raiders,Colts,5,2,6.837,16.443,6.597,17.181,6.516,16.371,6.454,16.614
833,Raiders,Chargers,15,10,6.837,16.443,6.597,17.181,6.277,17.108,7.115,16.667
834,Raiders,Eagles,2,2,6.837,16.443,6.597,17.181,6.725,16.717,6.608,16.666
835,Raiders,Jaguars,3,2,6.837,16.443,6.597,17.181,6.486,16.136,6.545,16.65
836,Raiders,Seahawks,4,4,6.837,16.443,6.597,17.181,6.986,17.195,6.272,16.078
837,Raiders,Titans,3,1,6.837,16.443,6.597,17.181,7.133,16.717,6.318,16.482
838,Raiders,Lions,2,4,6.837,16.443,6.597,17.181,6.339,16.998,6.771,16.879
839,Raiders,Commanders,3,0,6.837,16.443,6.597,17.181,6.593,16.551,6.74,16.872
840,Raiders,Texans,2,2,6.837,16.443,6.597,17.181,6.192,16.017,6.933,16.979
841,Raiders,49ers,5,2,6.837,16.443,6.597,17.181,6.718,18.058,6.253,16.078
842,Raiders,Steelers,3,3,6.837,16.443,6.597,17.181,6.415,16.214,6.535,16.52
843,Raiders,Falcons,2,0,6.837,16.443,6.597,17.181,6.511,16.275,6.806,16.462
844,Raiders,Buccaneers,1,0,6.837,16.443,6.597,17.181,6.327,16.488,6.39,15.924
845,Raiders,Saints,2,2,6.837,16.443,6.597,17.181,6.74,16.41,6.557,16.957
846,Raiders,Broncos,6,18,6.837,16.443,6.597,17.181,6.592,16.505,6.269,16.229
847,Raiders,Vikings,5,2,6.837,16.443,6.597,17.181,6.801,16.148,6.571,16.397
848,Raiders,NaN,0,0,6.837,16.443,6.597,17.181,,,,
849,Raiders,AFC Pro Bowl,0,0,6.837,16.443,6.597,17.181,,,,
850,Raiders,NFC Pro Bowl,0,0,6.837,16.443,6.597,17.181,,,,
851,49ers,Cowboys,3,9,6.718,18.058,6.253,16.078,7.215,16.457,6.78,16.594
852,49ers,Panthers,1,3,6.718,18.058,6.253,16.078,6.598,16.896,6.829,15.842
853,49ers,Bills,1,0,6.718,18.058,6.253,16.078,6.526,16.119,6.915,16.03
854,49ers,Dolphins,1,2,6.718,18.058,6.253,16.078,6.552,15.948,6.767,17.25
855,49ers,Ravens,3,0,6.718,18.058,6.253,16.078,6.848,15.508,6.167,16.426
856,49ers,Patriots,0,3,6.718,18.058,6.253,16.078,6.521,16.921,6.584,16.406
857,49ers,Bears,3,2,6.718,18.058,6.253,16.078,6.456,15.743,6.689,16.482
858,49ers,Browns,2,2,6.718,18.058,6.253,16.078,7.219,16.854,6.797,16.493
859,49ers,Packers,4,9,6.718,18.058,6.253,16.078,6.951,17.113,6.836,17.409
860,49ers,Giants,1,5,6.718,18.058,6.253,16.078,6.452,15.906,6.589,16.765
861,49ers,Bengals,1,2,6.718,18.058,6.253,16.078,6.31,16.733,6.914,16.419
862,49ers,Chiefs,8,2,6.718,18.058,6.253,16.078,6.684,17.701,6.98,16.736
863,49ers,Jets,0,3,6.718,18.058,6.253,16.078,6.497,16.567,6.126,16.663
864,49ers,Rams,9,14,6.718,18.058,6.253,16.078,6.571,17.061,6.548,16.586
865,49ers,Cardinals,10,10,6.718,18.058,6.253,16.078,6.219,16.207,6.722,16.618
866,49ers,Colts,5,0,6.718,18.058,6.253,16.078,6.516,16.371,6.454,16.614
867,49ers,Chargers,5,5,6.718,18.058,6.253,16.078,6.277,17.108,7.115,16.667
868,49ers,Eagles,5,2,6.718,18.058,6.253,16.078,6.725,16.717,6.608,16.666
869,49ers,Jaguars,0,4,6.718,18.058,6.253,16.078,6.486,16.136,6.545,16.65
870,49ers,Seahawks,12,11,6.718,18.058,6.253,16.078,6.986,17.195,6.272,16.078
871,49ers,Titans,4,2,6.718,18.058,6.253,16.078,7.133,16.717,6.318,16.482
872,49ers,Lions,0,5,6.718,18.058,6.253,16.078,6.339,16.998,6.771,16.879
873,49ers,Commanders,3,4,6.718,18.058,6.253,16.078,6.593,16.551,6.74,16.872
874,49ers,Texans,4,3,6.718,18.058,6.253,16.078,6.192,16.017,6.933,16.979
875,49ers,Raiders,2,5,6.718,18.058,6.253,16.078,6.837,16.443,6.597,17.181
876,49ers,Steelers,0,3,6.718,18.058,6.253,16.078,6.415,16.214,6.535,16.52
877,49ers,Falcons,3,2,6.718,18.058,6.253,16.078,6.511,16.275,6.806,16.462
878,49ers,Buccaneers,2,5,6.718,18.058,6.253,16.078,6.327,16.488,6.39,15.924
879,49ers,Saints,2,5,6.718,18.058,6.253,16.078,6.74,16.41,6.557,16.957
880,49ers,Broncos,3,5,6.718,18.058,6.253,16.078,6.592,16.505,6.269,16.229
881,49ers,Vikings,8,5,6.718,18.058,6.253,16.078,6.801,16.148,6.571,16.397
882,49ers,NaN,0,0,6.718,18.058,6.253,16.078,,,,
883,49ers,AFC Pro Bowl,0,0,6.718,18.058,6.253,16.078,,,,
884,49ers,NFC Pro Bowl,0,0,6.718,18.058,6.253,16.078,,,,
885,Steelers,Cowboys,0,3,6.415,16.214,6.535,16.52,7.215,16.457,6.78,16.594
886,Steelers,Panthers,4,6,6.415,16.214,6.535,16.52,6.598,16.896,6.829,15.842
887,Steelers,Bills,8,3,6.415,16.214,6.535,16.52,6.526,16.119,6.915,16.03
888,Steelers,Dolphins,2,2,6.415,16.214,6.535,16.52,6.552,15.948,6.767,17.25
889,Steelers,Ravens,5,14,6.415,16.214,6.535,16.52,6.848,15.508,6.167,16.426
890,Steelers,Patriots,5,2,6.415,16.214,6.535,16.52,6.521,16.921,6.584,16.406
891,Steelers,Bears,2,2,6.415,16.214,6.535,16.52,6.456,15.743,6.689,16.482
892,Steelers,Browns,9,16,6.415,16.214,6.535,16.52,7.219,16.854,6.797,16.493
893,Steelers,Packers,4,4,6.415,16.214,6.535,16.52,6.951,17.113,6.836,17.409
894,Steelers,Giants,0,2,6.415,16.214,6.535,16.52,6.452,15.906,6.589,16.765
895,Steelers,Bengals,6,15,6.415,16.214,6.535,16.52,6.31,16.733,6.914,16.419
896,Steelers,Chiefs,5,3,6.415,16.214,6.535,16.52,6.684,17.701,6.98,16.736
897,Steelers,Jets,3,0,6.415,16.214,6.535,16.52,6.497,16.567,6.126,16.663
898,Steelers,Rams,0,3,6.415,16.214,6.535,16.52,6.571,17.061,6.548,16.586
899,Steelers,Cardinals,1,1,6.415,16.214,6.535,16.52,6.219,16.207,6.722,16.618
900,Steelers,Colts,5,6,6.415,16.214,6.535,16.52,6.516,16.371,6.454,16.614
901,Steelers,Chargers,3,3,6.415,16.214,6.535,16.52,6.277,17.108,7.115,16.667
902,Steelers,Eagles,2,4,6.415,16.214,6.535,16.52,6.725,16.717,6.608,16.666
903,Steelers,Jaguars,3,3,6.415,16.214,6.535,16.52,6.486,16.136,6.545,16.65
904,Steelers,Seahawks,1,5,6.415,16.214,6.535,16.52,6.986,17.195,6.272,16.078
905,Steelers,Titans,0,10,6.415,16.214,6.535,16.52,7.133,16.717,6.318,16.482
906,Steelers,Lions,2,5,6.415,16.214,6.535,16.52,6.339,16.998,6.771,16.879
907,Steelers,Commanders,1,0,6.415,16.214,6.535,16.52,6.593,16.551,6.74,16.872
908,Steelers,Texans,3,3,6.415,16.214,6.535,16.52,6.192,16.017,6.933,16.979
909,Steelers,Raiders,3,3,6.415,16.214,6.535,16.52,6.837,16.443,6.597,17.181
910,Steelers,49ers,3,0,6.415,16.214,6.535,16.52,6.718,18.058,6.253,16.078
911,Steelers,Falcons,0,7,6.415,16.214,6.535,16.52,6.511,16.275,6.806,16.462
912,Steelers,Buccaneers,0,6,6.415,16.214,6.535,16.52,6.327,16.488,6.39,15.924
913,Steelers,Saints,2,2,6.415,16.214,6.535,16.52,6.74,16.41,6.557,16.957
914,Steelers,Broncos,2,5,6.415,16.214,6.535,16.52,6.592,16.505,6.269,16.229
915,Steelers,Vikings,2,2,6.415,16.214,6.535,16.52,6.801,16.148,6.571,16.397
916,Steelers,NaN,0,0,6.415,16.214,6.535,16.52,,,,
917,Steelers,AFC Pro Bowl,0,0,6.415,16.214,6.535,16.52,,,,
918,Steelers,NFC Pro Bowl,0,0,6.415,16.214,6.535,16.52,,,,
919,Falcons,Cowboys,5,2,6.511,16.275,6.806,16.462,7.215,16.457,6.78,16.594
920,Falcons,Panthers,8,14,6.511,16.275,6.806,16.462,6.598,16.896,6.829,15.842
921,Falcons,Bills,3,0,6.511,16.275,6.806,16.462,6.526,16.119,6.915,16.03
922,Falcons,Dolphins,10,2,6.511,16.275,6.806,16.462,6.552,15.948,6.767,17.25
923,Falcons,Ravens,5,0,6.511,16.275,6.806,16.462,6.848,15.508,6.167,16.426
924,Falcons,Patriots,3,0,6.511,16.275,6.806,16.462,6.521,16.921,6.584,16.406
925,Falcons,Bears,3,3,6.511,16.275,6.806,16.462,6.456,15.743,6.689,16.482
926,Falcons,Browns,3,2,6.511,16.275,6.806,16.462,7.219,16.854,6.797,16.493
927,Falcons,Packers,4,4,6.511,16.275,6.806,16.462,6.951,17.113,6.836,17.409
928,Falcons,Giants,0,3,6.511,16.275,6.806,16.462,6.452,15.906,6.589,16.765
929,Falcons,Bengals,3,0,6.511,16.275,6.806,16.462,6.31,16.733,6.914,16.419
930,Falcons,Chiefs,4,0,6.511,16.275,6.806,16.462,6.684,17.701,6.98,16.736
931,Falcons,Jets,5,4,6.511,16.275,6.806,16.462,6.497,16.567,6.126,16.663
932,Falcons,Rams,3,1,6.511,16.275,6.806,16.462,6.571,17.061,6.548,16.586
933,Falcons,Cardinals,5,4,6.511,16.275,6.806,16.462,6.219,16.207,6.722,16.618
934,Falcons,Colts,2,2,6.511,16.275,6.806,16.462,6.516,16.371,6.454,16.614
935,Falcons,Chargers,3,0,6.511,16.275,6.806,16.462,6.277,17.108,7.115,16.667
936,Falcons,Eagles,5,3,6.511,16.275,6.806,16.462,6.725,16.717,6.608,16.666
937,Falcons,Jaguars,6,6,6.511,16.275,6.806,16.462,6.486,16.136,6.545,16.65
938,Falcons,Seahawks,2,2,6.511,16.275,6.806,16.462,6.986,17.195,6.272,16.078
939,Falcons,Titans,4,0,6.511,16.275,6.806,16.462,7.133,16.717,6.318,16.482
940,Falcons,Lions,3,4,6.511,16.275,6.806,16.462,6.339,16.998,6.771,16.879
941,Falcons,Commanders,5,1,6.511,16.275,6.806,16.462,6.593,16.551,6.74,16.872
942,Falcons,Texans,2,2,6.511,16.275,6.806,16.462,6.192,16.017,6.933,16.979
943,Falcons,Raiders,0,2,6.511,16.275,6.806,16.462,6.837,16.443,6.597,17.181
944,Falcons,49ers,2,3,6.511,16.275,6.806,16.462,6.718,18.058,6.253,16.078
945,Falcons,Steelers,7,0,6.511,16.275,6.806,16.462,6.415,16.214,6.535,16.52
946,Falcons,Buccaneers,10,10,6.511,16.275,6.806,16.462,6.327,16.488,6.39,15.924
947,Falcons,Saints,15,8,6.511,16.275,6.806,16.462,6.74,16.41,6.557,16.957
948,Falcons,Broncos,1,2,6.511,16.275,6.806,16.462,6.592,16.505,6.269,16.229
949,Falcons,Vikings,4,1,6.511,16.275,6.806,16.462,6.801,16.148,6.571,16.397
950,Falcons,NaN,0,0,6.511,16.275,6.806,16.462,,,,
951,Falcons,AFC Pro Bowl,0,0,6.511,16.275,6.806,16.462,,,,
952,Falcons,NFC Pro Bowl,0,0,6.511,16.275,6.806,16.462,,,,
953,Buccaneers,Cowboys,3,4,6.327,16.488,6.39,15.924,7.215,16.457,6.78,16.594
954,Buccaneers,Panthers,8,14,6.327,16.488,6.39,15.924,6.598,16.896,6.829,15.842
955,Buccaneers,Bills,4,2,6.327,16.488,6.39,15.924,6.526,16.119,6.915,16.03
956,Buccaneers,Dolphins,1,8,6.327,16.488,6.39,15.924,6.552,15.948,6.767,17.25
957,Buccaneers,Ravens,3,2,6.327,16.488,6.39,15.924,6.848,15.508,6.167,16.426
958,Buccaneers,Patriots,1,1,6.327,16.488,6.39,15.924,6.521,16.921,6.584,16.406
959,Buccaneers,Bears,4,6,6.327,16.488,6.39,15.924,6.456,15.743,6.689,16.482
960,Buccaneers,Browns,3,4,6.327,16.488,6.39,15.924,7.219,16.854,6.797,16.493
961,Buccaneers,Packers,3,4,6.327,16.488,6.39,15.924,6.951,17.113,6.836,17.409
962,Buccaneers,Giants,3,5,6.327,16.488,6.39,15.924,6.452,15.906,6.589,16.765
963,Buccaneers,Bengals,6,1,6.327,16.488,6.39,15.924,6.31,16.733,6.914,16.419
964,Buccaneers,Chiefs,2,2,6.327,16.488,6.39,15.924,6.684,17.701,6.98,16.736
965,Buccaneers,Jets,0,4,6.327,16.488,6.39,15.924,6.497,16.567,6.126,16.663
966,Buccaneers,Rams,4,3,6.327,16.488,6.39,15.924,6.571,17.061,6.548,16.586
967,Buccaneers,Cardinals,2,3,6.327,16.488,6.39,15.924,6.219,16.207,6.722,16.618
968,Buccaneers,Colts,4,3,6.327,16.488,6.39,15.924,6.516,16.371,6.454,16.614
969,Buccaneers,Chargers,0,2,6.327,16.488,6.39,15.924,6.277,17.108,7.115,16.667
970,Buccaneers,Eagles,1,9,6.327,16.488,6.39,15.924,6.725,16.717,6.608,16.666
971,Buccaneers,Jaguars,3,4,6.327,16.488,6.39,15.924,6.486,16.136,6.545,16.65
972,Buccaneers,Seahawks,2,2,6.327,16.488,6.39,15.924,6.986,17.195,6.272,16.078
973,Buccaneers,Titans,5,3,6.327,16.488,6.39,15.924,7.133,16.717,6.318,16.482
974,Buccaneers,Lions,5,3,6.327,16.488,6.39,15.924,6.339,16.998,6.771,16.879
975,Buccaneers,Commanders,4,3,6.327,16.488,6.39,15.924,6.593,16.551,6.74,16.872
976,Buccaneers,Texans,3,1,6.327,16.488,6.39,15.924,6.192,16.017,6.933,16.979
977,Buccaneers,Raiders,0,1,6.327,16.488,6.39,15.924,6.837,16.443,6.597,17.181
978,Buccaneers,49ers,5,2,6.327,16.488,6.39,15.924,6.718,18.058,6.253,16.078
979,Buccaneers,Steelers,6,0,6.327,16.488,6.39,15.924,6.415,16.214,6.535,16.52
980,Buccaneers,Falcons,10,10,6.327,16.488,6.39,15.924,6.511,16.275,6.806,16.462
981,Buccaneers,Saints,13,8,6.327,16.488,6.39,15.924,6.74,16.41,6.557,16.957
982,Buccaneers,Broncos,1,1,6.327,16.488,6.39,15.924,6.592,16.505,6.269,16.229
983,Buccaneers,Vikings,2,3,6.327,16.488,6.39,15.924,6.801,16.148,6.571,16.397
984,Buccaneers,NaN,0,0,6.327,16.488,6.39,15.924,,,,
985,Buccaneers,AFC Pro Bowl,0,0,6.327,16.488,6.39,15.924,,,,
986,Buccaneers,NFC Pro Bowl,0,0,6.327,16.488,6.39,15.924,,,,
987,Saints,Cowboys,3,3,6.74,16.41,6.557,16.957,7.215,16.457,6.78,16.594
988,Saints,Panthers,6,19,6.74,16.41,6.557,16.957,6.598,16.896,6.829,15.842
989,Saints,Bills,1,1,6.74,16.41,6.557,16.957,6.526,16.119,6.915,16.03
990,Saints,Dolphins,2,1,6.74,16.41,6.557,16.957,6.552,15.948,6.767,17.25
991,Saints,Ravens,4,1,6.74,16.41,6.557,16.957,6.848,15.508,6.167,16.426
992,Saints,Patriots,1,2,6.74,16.41,6.557,16.957,6.521,16.921,6.584,16.406
993,Saints,Bears,0,8,6.74,16.41,6.557,16.957,6.456,15.743,6.689,16.482
994,Saints,Browns,2,3,6.74,16.41,6.557,16.957,7.219,16.854,6.797,16.493
995,Saints,Packers,5,3,6.74,16.41,6.557,16.957,6.951,17.113,6.836,17.409
996,Saints,Giants,1,3,6.74,16.41,6.557,16.957,6.452,15.906,6.589,16.765
997,Saints,Bengals,1,1,6.74,16.41,6.557,16.957,6.31,16.733,6.914,16.419
998,Saints,Chiefs,1,2,6.74,16.41,6.557,16.957,6.684,17.701,6.98,16.736
999,Saints,Jets,0,4,6.74,16.41,6.557,16.957,6.497,16.567,6.126,16.663
1000,Saints,Rams,7,6,6.74,16.41,6.557,16.957,6.571,17.061,6.548,16.586
1001,Saints,Cardinals,3,3,6.74,16.41,6.557,16.957,6.219,16.207,6.722,16.618
1002,Saints,Colts,0,3,6.74,16.41,6.557,16.957,6.516,16.371,6.454,16.614
1003,Saints,Chargers,0,8,6.74,16.41,6.557,16.957,6.277,17.108,7.115,16.667
1004,Saints,Eagles,5,5,6.74,16.41,6.557,16.957,6.725,16.717,6.608,16.666
1005,Saints,Jaguars,1,4,6.74,16.41,6.557,16.957,6.486,16.136,6.545,16.65
1006,Saints,Seahawks,0,4,6.74,16.41,6.557,16.957,6.986,17.195,6.272,16.078
1007,Saints,Titans,3,3,6.74,16.41,6.557,16.957,7.133,16.717,6.318,16.482
1008,Saints,Lions,1,3,6.74,16.41,6.557,16.957,6.339,16.998,6.771,16.879
1009,Saints,Commanders,0,5,6.74,16.41,6.557,16.957,6.593,16.551,6.74,16.872
1010,Saints,Texans,5,4,6.74,16.41,6.557,16.957,6.192,16.017,6.933,16.979
1011,Saints,Raiders,2,2,6.74,16.41,6.557,16.957,6.837,16.443,6.597,17.181
1012,Saints,49ers,5,2,6.74,16.41,6.557,16.957,6.718,18.058,6.253,16.078
1013,Saints,Steelers,2,2,6.74,16.41,6.557,16.957,6.415,16.214,6.535,16.52
1014,Saints,Falcons,8,15,6.74,16.41,6.557,16.957,6.511,16.275,6.806,16.462
1015,Saints,Buccaneers,8,13,6.74,16.41,6.557,16.957,6.327,16.488,6.39,15.924
1016,Saints,Broncos,0,1,6.74,16.41,6.557,16.957,6.592,16.505,6.269,16.229
1017,Saints,Vikings,9,3,6.74,16.41,6.557,16.957,6.801,16.148,6.571,16.397
1018,Saints,NaN,0,0,6.74,16.41,6.557,16.957,,,,
1019,Saints,AFC Pro Bowl,0,0,6.74,16.41,6.557,16.957,,,,
1020,Saints,NFC Pro Bowl,0,0,6.74,16.41,6.557,16.957,,,,
1021,Broncos,Cowboys,0,5,6.592,16.505,6.269,16.229,7.215,16.457,6.78,16.594
1022,Broncos,Panthers,2,1,6.592,16.505,6.269,16.229,6.598,16.896,6.829,15.842
1023,Broncos,Bills,7,1,6.592,16.505,6.269,16.229,6.526,16.119,6.915,16.03
1024,Broncos,Dolphins,4,2,6.592,16.505,6.269,16.229,6.552,15.948,6.767,17.25
1025,Broncos,Ravens,5,0,6.592,16.505,6.269,16.229,6.848,15.508,6.167,16.426
1026,Broncos,Patriots,2,1,6.592,16.505,6.269,16.229,6.521,16.921,6.584,16.406
1027,Broncos,Bears,2,2,6.592,16.505,6.269,16.229,6.456,15.743,6.689,16.482
1028,Broncos,Browns,3,4,6.592,16.505,6.269,16.229,7.219,16.854,6.797,16.493
1029,Broncos,Packers,2,6,6.592,16.505,6.269,16.229,6.951,17.113,6.836,17.409
1030,Broncos,Giants,1,1,6.592,16.505,6.269,16.229,6.452,15.906,6.589,16.765
1031,Broncos,Bengals,2,1,6.592,16.505,6.269,16.229,6.31,16.733,6.914,16.419
1032,Broncos,Chiefs,20,2,6.592,16.505,6.269,16.229,6.684,17.701,6.98,16.736
1033,Broncos,Jets,4,6,6.592,16.505,6.269,16.229,6.497,16.567,6.126,16.663
1034,Broncos,Rams,5,4,6.592,16.505,6.269,16.229,6.571,17.061,6.548,16.586
1035,Broncos,Cardinals,2,10,6.592,16.505,6.269,16.229,6.219,16.207,6.722,16.618
1036,Broncos,Colts,3,2,6.592,16.505,6.269,16.229,6.516,16.371,6.454,16.614
1037,Broncos,Chargers,9,15,6.592,16.505,6.269,16.229,6.277,17.108,7.115,16.667
1038,Broncos,Eagles,3,0,6.592,16.505,6.269,16.229,6.725,16.717,6.608,16.666
1039,Broncos,Jaguars,1,2,6.592,16.505,6.269,16.229,6.486,16.136,6.545,16.65
1040,Broncos,Seahawks,6,3,6.592,16.505,6.269,16.229,6.986,17.195,6.272,16.078
1041,Broncos,Titans,3,2,6.592,16.505,6.269,16.229,7.133,16.717,6.318,16.482
1042,Broncos,Lions,2,4,6.592,16.505,6.269,16.229,6.339,16.998,6.771,16.879
1043,Broncos,Commanders,3,3,6.592,16.505,6.269,16.229,6.593,16.551,6.74,16.872
1044,Broncos,Texans,3,3,6.592,16.505,6.269,16.229,6.192,16.017,6.933,16.979
1045,Broncos,Raiders,18,6,6.592,16.505,6.269,16.229,6.837,16.443,6.597,17.181
1046,Broncos,49ers,5,3,6.592,16.505,6.269,16.229,6.718,18.058,6.253,16.078
1047,Broncos,Steelers,5,2,6.592,16.505,6.269,16.229,6.415,16.214,6.535,16.52
1048,Broncos,Falcons,2,1,6.592,16.505,6.269,16.229,6.511,16.275,6.806,16.462
1049,Broncos,Buccaneers,1,1,6.592,16.505,6.269,16.229,6.327,16.488,6.39,15.924
1050,Broncos,Saints,1,0,6.592,16.505,6.269,16.229,6.74,16.41,6.557,16.957
1051,Broncos,Vikings,3,5,6.592,16.505,6.269,16.229,6.801,16.148,6.571,16.397
1052,Broncos,NaN,0,0,6.592,16.505,6.269,16.229,,,,
1053,Broncos,AFC Pro Bowl,0,0,6.592,16.505,6.269,16.229,,,,
1054,Broncos,NFC Pro Bowl,0,0,6.592,16.505,6.269,16.229,,,,
1055,Vikings,Cowboys,3,1,6.801,16.148,6.571,16.397,7.215,16.457,6.78,16.594
1056,Vikings,Panthers,2,4,6.801,16.148,6.571,16.397,6.598,16.896,6.829,15.842
1057,Vikings,Bills,3,2,6.801,16.148,6.571,16.397,6.526,16.119,6.915,16.03
1058,Vikings,Dolphins,1,3,6.801,16.148,6.571,16.397,6.552,15.948,6.767,17.25
1059,Vikings,Ravens,2,2,6.801,16.148,6.571,16.397,6.848,15.508,6.167,16.426
1060,Vikings,Patriots,2,2,6.801,16.148,6.571,16.397,6.521,16.921,6.584,16.406
1061,Vikings,Bears,8,11,6.801,16.148,6.571,16.397,6.456,15.743,6.689,16.482
1062,Vikings,Browns,1,2,6.801,16.148,6.571,16.397,7.219,16.854,6.797,16.493
1063,Vikings,Packers,9,12,6.801,16.148,6.571,16.397,6.951,17.113,6.836,17.409
1064,Vikings,Giants,1,4,6.801,16.148,6.571,16.397,6.452,15.906,6.589,16.765
1065,Vikings,Bengals,4,2,6.801,16.148,6.571,16.397,6.31,16.733,6.914,16.419
1066,Vikings,Chiefs,5,0,6.801,16.148,6.571,16.397,6.684,17.701,6.98,16.736
1067,Vikings,Jets,0,3,6.801,16.148,6.571,16.397,6.497,16.567,6.126,16.663
1068,Vikings,Rams,3,2,6.801,16.148,6.571,16.397,6.571,17.061,6.548,16.586
1069,Vikings,Cardinals,3,6,6.801,16.148,6.571,16.397,6.219,16.207,6.722,16.618
1070,Vikings,Colts,3,2,6.801,16.148,6.571,16.397,6.516,16.371,6.454,16.614
1071,Vikings,Chargers,1,2,6.801,16.148,6.571,16.397,6.277,17.108,7.115,16.667
1072,Vikings,Eagles,6,4,6.801,16.148,6.571,16.397,6.725,16.717,6.608,16.666
1073,Vikings,Jaguars,1,2,6.801,16.148,6.571,16.397,6.486,16.136,6.545,16.65
1074,Vikings,Seahawks,10,6,6.801,16.148,6.571,16.397,6.986,17.195,6.272,16.078
1075,Vikings,Titans,2,1,6.801,16.148,6.571,16.397,7.133,16.717,6.318,16.482
1076,Vikings,Lions,8,14,6.801,16.148,6.571,16.397,6.339,16.998,6.771,16.879
1077,Vikings,Commanders,0,4,6.801,16.148,6.571,16.397,6.593,16.551,6.74,16.872
1078,Vikings,Texans,0,3,6.801,16.148,6.571,16.397,6.192,16.017,6.933,16.979
1079,Vikings,Raiders,2,5,6.801,16.148,6.571,16.397,6.837,16.443,6.597,17.181
1080,Vikings,49ers,5,8,6.801,16.148,6.571,16.397,6.718,18.058,6.253,16.078
1081,Vikings,Steelers,2,2,6.801,16.148,6.571,16.397,6.415,16.214,6.535,16.52
1082,Vikings,Falcons,1,4,6.801,16.148,6.571,16.397,6.511,16.275,6.806,16.462
1083,Vikings,Buccaneers,3,2,6.801,16.148,6.571,16.397,6.327,16.488,6.39,15.924
1084,Vikings,Saints,3,9,6.801,16.148,6.571,16.397,6.74,16.41,6.557,16.957
1085,Vikings,Broncos,5,3,6.801,16.148,6.571,16.397,6.592,16.505,6.269,16.229
1086,Vikings,NaN,0,0,6.801,16.148,6.571,16.397,,,,
1087,Vikings,AFC Pro Bowl,0,0,6.801,16.148,6.571,16.397,,,,
1088,Vikings,NFC Pro Bowl,0,0,6.801,16.148,6.571,16.397,,,,
1089,NaN,Cowboys,0,0,,,,,7.215,16.457,6.78,16.594
1090,NaN,Panthers,0,0,,,,,6.598,16.896,6.829,15.842
1091,NaN,Bills,0,0,,,,,6.526,16.119,6.915,16.03
1092,NaN,Dolphins,0,0,,,,,6.552,15.948,6.767,17.25
1093,NaN,Ravens,0,0,,,,,6.848,15.508,6.167,16.426
1094,NaN,Patriots,0,0,,,,,6.521,16.921,6.584,16.406
1095,NaN,Bears,0,0,,,,,6.456,15.743,6.689,16.482
1096,NaN,Browns,0,0,,,,,7.219,16.854,6.797,16.493
1097,NaN,Packers,0,0,,,,,6.951,17.113,6.836,17.409
1098,NaN,Giants,0,0,,,,,6.452,15.906,6.589,16.765
1099,NaN,Bengals,0,0,,,,,6.31,16.733,6.914,16.419
1100,NaN,Chiefs,0,0,,,,,6.684,17.701,6.98,16.736
1101,NaN,Jets,0,0,,,,,6.497,16.567,6.126,16.663
1102,NaN,Rams,0,0,,,,,6.571,17.061,6.548,16.586
1103,NaN,Cardinals,0,0,,,,,6.219,16.207,6.722,16.618
1104,NaN,Colts,0,0,,,,,6.516,16.371,6.454,16.614
1105,NaN,Chargers,0,0,,,,,6.277,17.108,7.115,16.667
1106,NaN,Eagles,0,0,,,,,6.725,16.717,6.608,16.666
1107,NaN,Jaguars,0,0,,,,,6.486,16.136,6.545,16.65
1108,NaN,Seahawks,0,0,,,,,6.986,17.195,6.272,16.078
1109,NaN,Titans,0,0,,,,,7.133,16.717,6.318,16.482
1110,NaN,Lions,0,0,,,,,6.339,16.998,6.771,16.879
1111,NaN,Commanders,0,0,,,,,6.593,16.551,6.74,16.872
1112,NaN,Texans,0,0,,,,,6.192,16.017,6.933,16.979
1113,NaN,Raiders,0,0,,,,,6.837,16.443,6.597,17.181
1114,NaN,49ers,0,0,,,,,6.718,18.058,6.253,16.078
1115,NaN,Steelers,0,0,,,,,6.415,16.214,6.535,16.52
1116,NaN,Falcons,0,0,,,,,6.511,16.275,6.806,16.462
1117,NaN,Buccaneers,0,0,,,,,6.327,16.488,6.39,15.924
1118,NaN,Saints,0,0,,,,,6.74,16.41,6.557,16.957
1119,NaN,Broncos,0,0,,,,,6.592,16.505,6.269,16.229
1120,NaN,Vikings,0,0,,,,,6.801,16.148,6.571,16.397
1121,NaN,NaN,0,0,,,,,,,,
1122,NaN,AFC Pro Bowl,0,0,,,,,,,,
1123,NaN,NFC Pro Bowl,0,0,,,,,,,,
1124,AFC Pro Bowl,Cowboys,0,0,,,,,7.215,16.457,6.78,16.594
1125,AFC Pro Bowl,Panthers,0,0,,,,,6.598,16.896,6.829,15.842
1126,AFC Pro Bowl,Bills,0,0,,,,,6.526,16.119,6.915,16.03
1127,AFC Pro Bowl,Dolphins,0,0,,,,,6.552,15.948,6.767,17.25
1128,AFC Pro Bowl,Ravens,0,0,,,,,6.848,15.508,6.167,16.426
1129,AFC Pro Bowl,Patriots,0,0,,,,,6.521,16.921,6.584,16.406
1130,AFC Pro Bowl,Bears,0,0,,,,,6.456,15.743,6.689,16.482
1131,AFC Pro Bowl,Browns,0,0,,,,,7.219,16.854,6.797,16.493
1132,AFC Pro Bowl,Packers,0,0,,,,,6.951,17.113,6.836,17.409
1133,AFC Pro Bowl,Giants,0,0,,,,,6.452,15.906,6.589,16.765
1134,AFC Pro Bowl,Bengals,0,0,,,,,6.31,16.733,6.914,16.419
1135,AFC Pro Bowl,Chiefs,0,0,,,,,6.684,17.701,6.98,16.736
1136,AFC Pro Bowl,Jets,0,0,,,,,6.497,16.567,6.126,16.663
1137,AFC Pro Bowl,Rams,0,0,,,,,6.571,17.061,6.548,16.586
1138,AFC Pro Bowl,Cardinals,0,0,,,,,6.219,16.207,6.722,16.618
1139,AFC Pro Bowl,Colts,0,0,,,,,6.516,16.371,6.454,16.614
1140,AFC Pro Bowl,Chargers,0,0,,,,,6.277,17.108,7.115,16.667
1141,AFC Pro Bowl,Eagles,0,0,,,,,6.725,16.717,6.608,16.666
1142,AFC Pro Bowl,Jaguars,0,0,,,,,6.486,16.136,6.545,16.65
1143,AFC Pro Bowl,Seahawks,0,0,,,,,6.986,17.195,6.272,16.078
1144,AFC Pro Bowl,Titans,0,0,,,,,7.133,16.717,6.318,16.482
1145,AFC Pro Bowl,Lions,0,0,,,,,6.339,16.998,6.771,16.879
1146,AFC Pro Bowl,Commanders,0,0,,,,,6.593,16.551,6.74,16.872
1147,AFC Pro Bowl,Texans,0,0,,,,,6.192,16.017,6.933,16.979
1148,AFC Pro Bowl,Raiders,0,0,,,,,6.837,16.443,6.597,17.181
1149,AFC Pro Bowl,49ers,0,0,,,,,6.718,18.058,6.253,16.078
1150,AFC Pro Bowl,Steelers,0,0,,,,,6.415,16.214,6.535,16.52
1151,AFC Pro Bowl,Falcons,0,0,,,,,6.511,16.275,6.806,16.462
1152,AFC Pro Bowl,Buccaneers,0,0,,,,,6.327,16.488,6.39,15.924
1153,AFC Pro Bowl,Saints,0,0,,,,,6.74,16.41,6.557,16.957
1154,AFC Pro Bowl,Broncos,0,0,,,,,6.592,16.505,6.269,16.229
1155,AFC Pro Bowl,Vikings,0,0,,,,,6.801,16.148,6.571,16.397
1156,AFC Pro Bowl,NaN,0,0,,,,,,,,
1157,AFC Pro Bowl,NFC Pro Bowl,0,0,,,,,,,,
1158,NFC Pro Bowl,Cowboys,0,0,,,,,7.215,16.457,6.78,16.594
1159,NFC Pro Bowl,Panthers,0,0,,,,,6.598,16.896,6.829,15.842
1160,NFC Pro Bowl,Bills,0,0,,,,,6.526,16.119,6.915,16.03
1161,NFC Pro Bowl,Dolphins,0,0,,,,,6.552,15.948,6.767,17.25
1162,NFC Pro Bowl,Ravens,0,0,,,,,6.848,15.508,6.167,16.426
1163,NFC Pro Bowl,Patriots,0,0,,,,,6.521,16.921,6.584,16.406
1164,NFC Pro Bowl,Bears,0,0,,,,,6.456,15.743,6.689,16.482
1165,NFC Pro Bowl,Browns,0,0,,,,,7.219,16.854,6.797,16.493
1166,NFC Pro Bowl,Packers,0,0,,,,,6.951,17.113,6.836,17.409
1167,NFC Pro Bowl,Giants,0,0,,,,,6.452,15.906,6.589,16.765
1168,NFC Pro Bowl,Bengals,0,0,,,,,6.31,16.733,6.914,16.419
1169,NFC Pro Bowl,Chiefs,0,0,,,,,6.684,17.701,6.98,16.736
1170,NFC Pro Bowl,Jets,0,0,,,,,6.497,16.567,6.126,16.663
1171,NFC Pro Bowl,Rams,0,0,,,,,6.571,17.061,6.548,16.586
1172,NFC Pro Bowl,Cardinals,0,0,,,,,6.219,16.207,6.722,16.618
1173,NFC Pro Bowl,Colts,0,0,,,,,6.516,16.371,6.454,16.614
1174,NFC Pro Bowl,Chargers,0,0,,,,,6.277,17.108,7.115,16.667
1175,NFC Pro Bowl,Eagles,0,0,,,,,6.725,16.717,6.608,16.666
1176,NFC Pro Bowl,Jaguars,0,0,,,,,6.486,16.136,6.545,16.65
1177,NFC Pro Bowl,Seahawks,0,0,,,,,6.986,17.195,6.272,16.078
1178,NFC Pro Bowl,Titans,0,0,,,,,7.133,16.717,6.318,16.482
1179,NFC Pro Bowl,Lions,0,0,,,,,6.339,16.998,6.771,16.879
1180,NFC Pro Bowl,Commanders,0,0,,,,,6.593,16.551,6.74,16.872
1181,NFC Pro Bowl,Texans,0,0,,,,,6.192,16.017,6.933,16.979
1182,NFC Pro Bowl,Raiders,0,0,,,,,6.837,16.443,6.597,17.181
1183,NFC Pro Bowl,49ers,0,0,,,,,6.718,18.058,6.253,16.078
1184,NFC Pro Bowl,Steelers,0,0,,,,,6.415,16.214,6.535,16.52
1185,NFC Pro Bowl,Falcons,0,0,,,,,6.511,16.275,6.806,16.462
1186,NFC Pro Bowl,Buccaneers,0,0,,,,,6.327,16.488,6.39,15.924
1187,NFC Pro Bowl,Saints,0,0,,,,,6.74,16.41,6.557,16.957
1188,NFC Pro Bowl,Broncos,0,0,,,,,6.592,16.505,6.269,16.229
1189,NFC Pro Bowl,Vikings,0,0,,,,,6.801,16.148,6.571,16.397
1190,NFC Pro Bowl,NaN,0,0,,,,,,,,
1191,NFC Pro Bowl,AFC Pro Bowl,0,0,,,,,,,,
1192,Cowboys,Panthers,2,3,7.215,16.457,6.78,16.594,6.598,16.896,6.829,15.842
1193,Cowboys,Bills,3,0,7.215,16.457,6.78,16.594,6.526,16.119,6.915,16.03
1194,Cowboys,Dolphins,2,2,7.215,16.457,6.78,16.594,6.552,15.948,6.767,17.25
1195,Cowboys,Ravens,3,0,7.215,16.457,6.78,16.594,6.848,15.508,6.167,16.426
1196,Cowboys,Patriots,2,3,7.215,16.457,6.78,16.594,6.521,16.921,6.584,16.406
1197,Cowboys,Bears,2,2,7.215,16.457,6.78,16.594,6.456,15.743,6.689,16.482
1198,Cowboys,Browns,1,1,7.215,16.457,6.78,16.594,7.219,16.854,6.797,16.493
1199,Cowboys,Packers,5,0,7.215,16.457,6.78,16.594,6.951,17.113,6.836,17.409
1200,Cowboys,Giants,2,21,7.215,16.457,6.78,16.594,6.452,15.906,6.589,16.765
1201,Cowboys,Bengals,1,3,7.215,16.457,6.78,16.594,6.31,16.733,6.914,16.419
1202,Cowboys,Chiefs,2,2,7.215,16.457,6.78,16.594,6.684,17.701,6.98,16.736
1203,Cowboys,Jets,2,2,7.215,16.457,6.78,16.594,6.497,16.567,6.126,16.663
1204,Cowboys,Rams,9,6,7.215,16.457,6.78,16.594,6.571,17.061,6.548,16.586
1205,Cowboys,Cardinals,7,3,7.215,16.457,6.78,16.594,6.219,16.207,6.722,16.618
1206,Cowboys,Colts,2,4,7.215,16.457,6.78,16.594,6.516,16.371,6.454,16.614
1207,Cowboys,Chargers,2,3,7.215,16.457,6.78,16.594,6.277,17.108,7.115,16.667
1208,Cowboys,Eagles,9,15,7.215,16.457,6.78,16.594,6.725,16.717,6.608,16.666
1209,Cowboys,Jaguars,4,2,7.215,16.457,6.78,16.594,6.486,16.136,6.545,16.65
1210,Cowboys,Seahawks,7,6,7.215,16.457,6.78,16.594,6.986,17.195,6.272,16.078
1211,Cowboys,Titans,1,1,7.215,16.457,6.78,16.594,7.133,16.717,6.318,16.482
1212,Cowboys,Lions,0,7,7.215,16.457,6.78,16.594,6.339,16.998,6.771,16.879
1213,Cowboys,Commanders,7,16,7.215,16.457,6.78,16.594,6.593,16.551,6.74,16.872
1214,Cowboys,Texans,5,4,7.215,16.457,6.78,16.594,6.192,16.017,6.933,16.979
1215,Cowboys,Raiders,1,6,7.215,16.457,6.78,16.594,6.837,16.443,6.597,17.181
1216,Cowboys,49ers,9,3,7.215,16.457,6.78,16.594,6.718,18.058,6.253,16.078
1217,Cowboys,Steelers,3,0,7.215,16.457,6.78,16.594,6.415,16.214,6.535,16.52
1218,Cowboys,Falcons,2,5,7.215,16.457,6.78,16.594,6.511,16.275,6.806,16.462
1219,Cowboys,Buccaneers,4,3,7.215,16.457,6.78,16.594,6.327,16.488,6.39,15.924
1220,Cowboys,Saints,3,3,7.215,16.457,6.78,16.594,6.74,16.41,6.557,16.957
1221,Cowboys,Broncos,5,0,7.215,16.457,6.78,16.594,6.592,16.505,6.269,16.229
1222,Cowboys,Vikings,1,3,7.215,16.457,6.78,16.594,6.801,16.148,6.571,16.397
1223,Cowboys,NaN,0,0,7.215,16.457,6.78,16.594,,,,
1224,Cowboys,AFC Pro Bowl,0,0,7.215,16.457,6.78,16.594,,,,
1225,Cowboys,NFC Pro Bowl,0,0,7.215,16.457,6.78,16.594,,,,
